sampleID,sampleName,Strains,organism_reported_names,phyloT_order,GTDB_phylum,GTDB_class,GTDB_order,GTDB_family,GTDB_genus,GTDB_species,NCBI_phylum,NCBI_class,NCBI_order,NCBI_family,NCBI_genus,NCBI_species,organism_broadClass,organism_broadClass2,organism_broadClass3,organism_genomes_combined_WGS_PGS,isolate_from,geographic_location,sampleID_new,reported_Temp,reported_Salinity,reported_pH,reported_oxy_micromolar,reported_ammonium,reported_ionicStrength,reported_AOR_umol_NO2_l_d,reported_growthPhase_growthRate,experiment_setup,Broad Filtration Class,Lipid Extractions,Filter pore size,sum_reported_fractions,reported_1302,reported_1300,reported_1298,reported_1296,reported_1292,reported_1292_iso,reported_1294,reported_1290,reported_1288,reported_1286,reported_1292_iso2,reported_1294_iso,reported_1290_iso,reported_1288_iso,reported_1286_iso,fGDGT_0,fGDGT_1,fGDGT_2,fGDGT_3,fGDGT_cren,fGDGT_cren_prime,BITindex,dataType_level0,dataType_level1,Source,short_remark,full_remark,duplicate_Datasets,incomplete_GDGT_fractions,BIT_QC_above05,gdgt0Cren_QC_above07,MI_QC_above05,QC_Indices_check,detectionLimit_check,Source2,firstAuthor_firstName,DOI,Taxonomy data update,TEX86,ringIndex,scaledRI,gdgt23ratio,methaneIndex,gdgtZeroOverZeroCren,TEX_RI,deltaRI
RR00001,Bale2019_001_Cultures_ThAOA_Ca Nitrosotenuis uzonesis_P-GDGT_DH_37,N4,Candidatus Nitrosotenuis uzonensis N4,13.0,p__Thermoproteota,c__Nitrososphaeria,o__Nitrososphaerales,f__Nitrosopumilaceae,g__Nitrosotenuis,,p__Nitrososphaerota,c__Nitrososphaeria,o__Nitrosopumilales,f__,g__Nitrosotenuis,,Terrestrial thermophile,Group 1.1a,Group 1.1a-Nitrosopumilus,sequenced,,,RR_culture_001,37,,,,,,,,culture-temperature,IPL-GDGTs,IPL-GDGT (reported); 2G (Dihexose),,25.4,0.0,0.6,2.8,5.0,4.0,0.0,13.0,,,,,,,,,0.0,0.04838709677419355,0.2258064516129032,0.4032258064516129,0.3225806451612903,0.0,,Culture,Culture - ThAOA,Bale et al. (2019) AEM,Data from original source,Data from original source; average abundance from 4 replicates,No,No,Not reported; Assumed no brGDGTs (cultures),No,Yes,Fail,Fail,Bale et al. (2019),Nicole,https://doi.org/10.1128/AEM.01332-19,"GTDB Release 214.1; NCBI (retrieved from February 21, 2024)",0.9285714285714285,3.0,0.75,0.5599999999999999,0.6774193548387096,0.0,3.7376530612244894,0.7376530612244894
RR00002,Bale2019_002_Cultures_ThAOA_Ca Nitrosotenuis uzonesis_P-GDGT_DH_46,N4,Candidatus Nitrosotenuis uzonensis N4,13.0,p__Thermoproteota,c__Nitrososphaeria,o__Nitrososphaerales,f__Nitrosopumilaceae,g__Nitrosotenuis,,p__Nitrososphaerota,c__Nitrososphaeria,o__Nitrosopumilales,f__,g__Nitrosotenuis,,Terrestrial thermophile,Group 1.1a,Group 1.1a-Nitrosopumilus,sequenced,,,RR_culture_002,46,,,,,,,,culture-temperature,IPL-GDGTs,IPL-GDGT (reported); 2G (Dihexose),,28.7,0.0,0.3,1.9,4.5,11.0,0.0,11.0,,,,,,,,,0.0,0.01694915254237288,0.10734463276836158,0.2542372881355932,0.6214689265536724,0.0,,Culture,Culture - ThAOA,Bale et al. (2019) AEM,Data from original source,Data from original source; average abundance from 4 replicates,No,No,Not reported; Assumed no brGDGTs (cultures),No,No,Pass,Fail,Bale et al. (2019),Nicole,https://doi.org/10.1128/AEM.01332-19,"GTDB Release 214.1; NCBI (retrieved from February 21, 2024)",0.955223880597015,3.480225988700565,0.8700564971751412,0.4222222222222222,0.37853107344632764,0.0,3.8838204499888622,0.40359446128829735
RR00003,Bale2019_003_Cultures_ThAOA_Ca Nitrosotenuis uzonesis_P-GDGT_DH_50,N4,Candidatus Nitrosotenuis uzonensis N4,13.0,p__Thermoproteota,c__Nitrososphaeria,o__Nitrososphaerales,f__Nitrosopumilaceae,g__Nitrosotenuis,,p__Nitrososphaerota,c__Nitrososphaeria,o__Nitrosopumilales,f__,g__Nitrosotenuis,,Terrestrial thermophile,Group 1.1a,Group 1.1a-Nitrosopumilus,sequenced,,,RR_culture_003,50,,,,,,,,culture-temperature,IPL-GDGTs,IPL-GDGT (reported); 2G (Dihexose),,35.6,0.0,0.1,2.8,5.7,14.0,0.0,13.0,,,,,,,,,0.0,0.004424778761061947,0.1238938053097345,0.252212389380531,0.6194690265486725,0.0,,Culture,Culture - ThAOA,Bale et al. (2019) AEM,Data from original source,Data from original source; average abundance from 4 replicates,No,No,Not reported; Assumed no brGDGTs (cultures),No,No,Pass,Fail,Bale et al. (2019),Nicole,https://doi.org/10.1128/AEM.01332-19,"GTDB Release 214.1; NCBI (retrieved from February 21, 2024)",0.9883720930232558,3.486725663716814,0.8716814159292035,0.4912280701754385,0.3805309734513274,0.0,4.072193077339102,0.5854674136222879
RR00004,Bale2019_004_Cultures_ThAOA_Ca Nitrosotenuis uzonesis_P-GDGT_HPH_37,N4,Candidatus Nitrosotenuis uzonensis N4,13.0,p__Thermoproteota,c__Nitrososphaeria,o__Nitrososphaerales,f__Nitrosopumilaceae,g__Nitrosotenuis,,p__Nitrososphaerota,c__Nitrososphaeria,o__Nitrosopumilales,f__,g__Nitrosotenuis,,Terrestrial thermophile,Group 1.1a,Group 1.1a-Nitrosopumilus,sequenced,,,RR_culture_004,37,,,,,,,,culture-temperature,IPL-GDGTs,IPL-GDGT (reported); HPH,,36.0,7.0,9.2,3.8,1.8,14.0,0.0,0.2,,,,,,,,,0.19553072625698326,0.2569832402234637,0.10614525139664804,0.05027932960893855,0.3910614525139665,0.0,,Culture,Culture - ThAOA,Bale et al. (2019) AEM,Data from original source,Data from original source; average abundance from 4 replicates,No,No,Not reported; Assumed no brGDGTs (cultures),No,Yes,Fail,Fail,Bale et al. (2019),Nicole,https://doi.org/10.1128/AEM.01332-19,"GTDB Release 214.1; NCBI (retrieved from February 21, 2024)",0.3783783783783784,2.184357541899441,0.5460893854748603,2.111111111111111,0.5138888888888888,0.19553072625698326,1.773973703433163,-0.41038383846627813
RR00005,Bale2019_005_Cultures_ThAOA_Ca Nitrosotenuis uzonesis_P-GDGT_HPH_46,N4,Candidatus Nitrosotenuis uzonensis N4,13.0,p__Thermoproteota,c__Nitrososphaeria,o__Nitrososphaerales,f__Nitrosopumilaceae,g__Nitrosotenuis,,p__Nitrososphaerota,c__Nitrososphaeria,o__Nitrosopumilales,f__,g__Nitrosotenuis,,Terrestrial thermophile,Group 1.1a,Group 1.1a-Nitrosopumilus,sequenced,,,RR_culture_005,46,,,,,,,,culture-temperature,IPL-GDGTs,IPL-GDGT (reported); HPH,,33.2,0.7,1.4,1.3,0.8,29.0,0.0,0.0,,,,,,,,,0.02108433734939759,0.04216867469879518,0.0391566265060241,0.024096385542168672,0.8734939759036143,0.0,,Culture,Culture - ThAOA,Bale et al. (2019) AEM,Data from original source,Data from original source; average abundance from 4 replicates,No,No,Not reported; Assumed no brGDGTs (cultures),No,No,Pass,Fail,Bale et al. (2019),Nicole,https://doi.org/10.1128/AEM.01332-19,"GTDB Release 214.1; NCBI (retrieved from February 21, 2024)",0.6,3.686746987951807,0.9216867469879517,1.6250000000000002,0.1076923076923077,0.02108433734939759,2.3232,-1.363546987951807
RR00006,Bale2019_006_Cultures_ThAOA_Ca Nitrosotenuis uzonesis_P-GDGT_HPH_50,N4,Candidatus Nitrosotenuis uzonensis N4,13.0,p__Thermoproteota,c__Nitrososphaeria,o__Nitrososphaerales,f__Nitrosopumilaceae,g__Nitrosotenuis,,p__Nitrososphaerota,c__Nitrososphaeria,o__Nitrosopumilales,f__,g__Nitrosotenuis,,Terrestrial thermophile,Group 1.1a,Group 1.1a-Nitrosopumilus,sequenced,,,RR_culture_006,50,,,,,,,,culture-temperature,IPL-GDGTs,IPL-GDGT (reported); HPH,,21.900000000000002,0.6,1.0,0.8,0.4,19.0,0.0,0.1,,,,,,,,,0.027522935779816512,0.04587155963302752,0.03669724770642202,0.01834862385321101,0.8715596330275229,0.0,,Culture,Culture - ThAOA,Bale et al. (2019) AEM,Data from original source,Data from original source; average abundance from 4 replicates,No,No,Not reported; Assumed no brGDGTs (cultures),No,No,Pass,Fail,Bale et al. (2019),Nicole,https://doi.org/10.1128/AEM.01332-19,"GTDB Release 214.1; NCBI (retrieved from February 21, 2024)",0.5454545454545454,3.6605504587155964,0.9151376146788991,2.0,0.1037735849056604,0.027522935779816512,2.157768595041322,-1.5027818636742745
RR00007,Bale2019_007_Cultures_ThAOA_Ca Nitrosotenuis uzonesis_P-GDGT_MH_37,N4,Candidatus Nitrosotenuis uzonensis N4,13.0,p__Thermoproteota,c__Nitrososphaeria,o__Nitrososphaerales,f__Nitrosopumilaceae,g__Nitrosotenuis,,p__Nitrososphaerota,c__Nitrososphaeria,o__Nitrosopumilales,f__,g__Nitrosotenuis,,Terrestrial thermophile,Group 1.1a,Group 1.1a-Nitrosopumilus,sequenced,,,RR_culture_007,37,,,,,,,,culture-temperature,IPL-GDGTs,IPL-GDGT (reported); 1G (Hexose),,4.300000000000001,0.5,0.6,0.5,0.6,1.6,0.0,0.5,,,,,,,,,0.13157894736842105,0.15789473684210525,0.13157894736842105,0.15789473684210525,0.42105263157894735,0.0,,Culture,Culture - ThAOA,Bale et al. (2019) AEM,Data from original source,Data from original source; average abundance from 4 replicates,No,No,Not reported; Assumed no brGDGTs (cultures),No,Yes,Fail,Fail,Bale et al. (2019),Nicole,https://doi.org/10.1128/AEM.01332-19,"GTDB Release 214.1; NCBI (retrieved from February 21, 2024)",0.6470588235294118,2.578947368421052,0.644736842105263,0.8333333333333334,0.5151515151515151,0.13157894736842105,2.4817993079584775,-0.09714806046257474
RR00008,Bale2019_008_Cultures_ThAOA_Ca Nitrosotenuis uzonesis_P-GDGT_MH_46,N4,Candidatus Nitrosotenuis uzonensis N4,13.0,p__Thermoproteota,c__Nitrososphaeria,o__Nitrososphaerales,f__Nitrosopumilaceae,g__Nitrosotenuis,,p__Nitrososphaerota,c__Nitrososphaeria,o__Nitrosopumilales,f__,g__Nitrosotenuis,,Terrestrial thermophile,Group 1.1a,Group 1.1a-Nitrosopumilus,sequenced,,,RR_culture_008,46,,,,,,,,culture-temperature,IPL-GDGTs,IPL-GDGT (reported); 1G (Hexose),,5.3999999999999995,0.2,0.7,0.7,0.9,2.1,0.0,0.8,,,,,,,,,0.04347826086956522,0.15217391304347827,0.15217391304347827,0.1956521739130435,0.4565217391304348,0.0,,Culture,Culture - ThAOA,Bale et al. (2019) AEM,Data from original source,Data from original source; average abundance from 4 replicates,No,No,Not reported; Assumed no brGDGTs (cultures),No,Yes,Fail,Fail,Bale et al. (2019),Nicole,https://doi.org/10.1128/AEM.01332-19,"GTDB Release 214.1; NCBI (retrieved from February 21, 2024)",0.6956521739130435,2.8695652173913047,0.7173913043478262,0.7777777777777778,0.5227272727272727,0.04347826086956522,2.6610018903591683,-0.20856332703213631
RR00009,Bale2019_009_Cultures_ThAOA_Ca Nitrosotenuis uzonesis_P-GDGT_MH_50,N4,Candidatus Nitrosotenuis uzonensis N4,13.0,p__Thermoproteota,c__Nitrososphaeria,o__Nitrososphaerales,f__Nitrosopumilaceae,g__Nitrosotenuis,,p__Nitrososphaerota,c__Nitrososphaeria,o__Nitrosopumilales,f__,g__Nitrosotenuis,,Terrestrial thermophile,Group 1.1a,Group 1.1a-Nitrosopumilus,sequenced,,,RR_culture_009,50,,,,,,,,culture-temperature,IPL-GDGTs,IPL-GDGT (reported); 1G (Hexose),,10.200000000000001,0.5,0.9,1.0,0.8,5.7,0.0,1.3,,,,,,,,,0.056179775280898875,0.10112359550561797,0.11235955056179775,0.0898876404494382,0.6404494382022472,0.0,,Culture,Culture - ThAOA,Bale et al. (2019) AEM,Data from original source,Data from original source; average abundance from 4 replicates,No,No,Not reported; Assumed no brGDGTs (cultures),No,No,Pass,Fail,Bale et al. (2019),Nicole,https://doi.org/10.1128/AEM.01332-19,"GTDB Release 214.1; NCBI (retrieved from February 21, 2024)",0.6666666666666667,3.157303370786517,0.7893258426966292,1.25,0.3214285714285714,0.056179775280898875,2.5522222222222224,-0.6050811485642944
RR00010,Bale2019_010_Cultures_ThAOA_Ca Nitrosotenuis uzonesis_P-GDGT_TH1_37,N4,Candidatus Nitrosotenuis uzonensis N4,13.0,p__Thermoproteota,c__Nitrososphaeria,o__Nitrososphaerales,f__Nitrosopumilaceae,g__Nitrosotenuis,,p__Nitrososphaerota,c__Nitrososphaeria,o__Nitrosopumilales,f__,g__Nitrosotenuis,,Terrestrial thermophile,Group 1.1a,Group 1.1a-Nitrosopumilus,sequenced,,,RR_culture_010,37,,,,,,,,culture-temperature,IPL-GDGTs,IPL-GDGT (reported); TH1,,22.3,0.0,0.8,3.4,7.1,1.1,0.0,9.9,,,,,,,,,0.0,0.06451612903225806,0.27419354838709675,0.5725806451612903,0.08870967741935484,0.0,,Culture,Culture - ThAOA,Bale et al. (2019) AEM,Data from original source,Data from original source; average abundance from 4 replicates,No,No,Not reported; Assumed no brGDGTs (cultures),No,Yes,Fail,Fail,Bale et al. (2019),Nicole,https://doi.org/10.1128/AEM.01332-19,"GTDB Release 214.1; NCBI (retrieved from February 21, 2024)",0.9292035398230089,2.6854838709677415,0.6713709677419354,0.47887323943661975,0.9112903225806451,0.0,3.7410650794893883,1.0555812085216467
RR00011,Bale2019_011_Cultures_ThAOA_Ca Nitrosotenuis uzonesis_P-GDGT_TH1_46,N4,Candidatus Nitrosotenuis uzonensis N4,13.0,p__Thermoproteota,c__Nitrososphaeria,o__Nitrososphaerales,f__Nitrosopumilaceae,g__Nitrosotenuis,,p__Nitrososphaerota,c__Nitrososphaeria,o__Nitrosopumilales,f__,g__Nitrosotenuis,,Terrestrial thermophile,Group 1.1a,Group 1.1a-Nitrosopumilus,sequenced,,,RR_culture_011,46,,,,,,,,culture-temperature,IPL-GDGTs,IPL-GDGT (reported); TH1,,22.6,0.0,0.1,2.6,6.1,2.8,0.0,11.0,,,,,,,,,0.0,0.008620689655172414,0.22413793103448273,0.5258620689655171,0.24137931034482754,0.0,,Culture,Culture - ThAOA,Bale et al. (2019) AEM,Data from original source,Data from original source; average abundance from 4 replicates,No,No,Not reported; Assumed no brGDGTs (cultures),No,Yes,Fail,Fail,Bale et al. (2019),Nicole,https://doi.org/10.1128/AEM.01332-19,"GTDB Release 214.1; NCBI (retrieved from February 21, 2024)",0.9886363636363636,2.9999999999999996,0.7499999999999999,0.42622950819672134,0.7586206896551725,0.0,4.073724173553719,1.0737241735537197
RR00012,Bale2019_012_Cultures_ThAOA_Ca Nitrosotenuis uzonesis_P-GDGT_TH1_50,N4,Candidatus Nitrosotenuis uzonensis N4,13.0,p__Thermoproteota,c__Nitrososphaeria,o__Nitrososphaerales,f__Nitrosopumilaceae,g__Nitrosotenuis,,p__Nitrososphaerota,c__Nitrososphaeria,o__Nitrosopumilales,f__,g__Nitrosotenuis,,Terrestrial thermophile,Group 1.1a,Group 1.1a-Nitrosopumilus,sequenced,,,RR_culture_012,50,,,,,,,,culture-temperature,IPL-GDGTs,IPL-GDGT (reported); TH1,,23.9,0.0,0.0,1.8,5.2,4.9,0.0,12.0,,,,,,,,,0.0,0.0,0.15126050420168066,0.4369747899159664,0.411764705882353,0.0,,Culture,Culture - ThAOA,Bale et al. (2019) AEM,Data from original source,Data from original source; average abundance from 4 replicates,No,No,Not reported; Assumed no brGDGTs (cultures),No,Yes,Fail,Fail,Bale et al. (2019),Nicole,https://doi.org/10.1128/AEM.01332-19,"GTDB Release 214.1; NCBI (retrieved from February 21, 2024)",1.0,3.2605042016806722,0.8151260504201681,0.34615384615384615,0.5882352941176471,0.0,4.14,0.8794957983193274
RR00013,Bale2019_013_Cultures_ThAOA_Ca Nitrosotenuis uzonesis_P-GDGT_TH2_37,N4,Candidatus Nitrosotenuis uzonensis N4,13.0,p__Thermoproteota,c__Nitrososphaeria,o__Nitrososphaerales,f__Nitrosopumilaceae,g__Nitrosotenuis,,p__Nitrososphaerota,c__Nitrososphaeria,o__Nitrosopumilales,f__,g__Nitrosotenuis,,Terrestrial thermophile,Group 1.1a,Group 1.1a-Nitrosopumilus,sequenced,,,RR_culture_013,37,,,,,,,,culture-temperature,IPL-GDGTs,IPL-GDGT (reported); TH2,,12.2,0.0,0.0,0.0,2.7,1.3,0.0,8.2,,,,,,,,,0.0,0.0,0.0,0.675,0.325,0.0,,Culture,Culture - ThAOA,Bale et al. (2019) AEM,Data from original source,Data from original source; average abundance from 4 replicates,No,No,Not reported; Assumed no brGDGTs (cultures),No,Yes,Fail,Fail,Bale et al. (2019),Nicole,https://doi.org/10.1128/AEM.01332-19,"GTDB Release 214.1; NCBI (retrieved from February 21, 2024)",1.0,3.325,0.83125,0.0,0.675,0.0,4.14,0.8149999999999995
RR00014,Bale2019_014_Cultures_ThAOA_Ca Nitrosotenuis uzonesis_P-GDGT_TH2_46,N4,Candidatus Nitrosotenuis uzonensis N4,13.0,p__Thermoproteota,c__Nitrososphaeria,o__Nitrososphaerales,f__Nitrosopumilaceae,g__Nitrosotenuis,,p__Nitrososphaerota,c__Nitrososphaeria,o__Nitrosopumilales,f__,g__Nitrosotenuis,,Terrestrial thermophile,Group 1.1a,Group 1.1a-Nitrosopumilus,sequenced,,,RR_culture_014,46,,,,,,,,culture-temperature,IPL-GDGTs,IPL-GDGT (reported); TH2,,9.7,0.0,0.0,0.0,0.2,4.2,0.0,5.3,,,,,,,,,0.0,0.0,0.0,0.045454545454545456,0.9545454545454545,0.0,,Culture,Culture - ThAOA,Bale et al. (2019) AEM,Data from original source,Data from original source; average abundance from 4 replicates,No,No,Not reported; Assumed no brGDGTs (cultures),No,No,Pass,Fail,Bale et al. (2019),Nicole,https://doi.org/10.1128/AEM.01332-19,"GTDB Release 214.1; NCBI (retrieved from February 21, 2024)",1.0,3.954545454545454,0.9886363636363635,0.0,0.04545454545454546,0.0,4.14,0.18545454545454554
RR00016,Bale2019_016_Cultures_ThAOA_Ca Nitrosotenuis uzonesis_P-GDGT_HPH_37,N4,Candidatus Nitrosotenuis uzonensis N4,13.0,p__Thermoproteota,c__Nitrososphaeria,o__Nitrososphaerales,f__Nitrosopumilaceae,g__Nitrosotenuis,,p__Nitrososphaerota,c__Nitrososphaeria,o__Nitrosopumilales,f__,g__Nitrosotenuis,,Terrestrial thermophile,Group 1.1a,Group 1.1a-Nitrosopumilus,sequenced,,,RR_culture_016,37,,,,,,,,culture-temperature,IPL-GDGTs,Total IPLs (calculated),,68.60000000000001,7.5,11.2,10.5,17.200000000000003,22.000000000000004,0.0,0.2,,,,,,,,,0.10964912280701754,0.1637426900584795,0.15350877192982454,0.2514619883040936,0.32163742690058483,0.0,,Culture,Culture - ThAOA,Bale et al. (2019) AEM,Data from original source,Data from original source; calculated from IPL fractions - assume ND as 0,No,No,Not reported; Assumed no brGDGTs (cultures),No,Yes,Fail,Fail,Bale et al. (2019),Nicole,https://doi.org/10.1128/AEM.01332-19,"GTDB Release 214.1; NCBI (retrieved from February 21, 2024)",0.712082262210797,2.511695906432749,0.6279239766081872,0.6104651162790696,0.638752052545156,0.10964912280701754,2.725139669973103,0.21344376354035433
RR00017,Bale2019_017_Cultures_ThAOA_Ca Nitrosotenuis uzonesis_P-GDGT_HPH_46,N4,Candidatus Nitrosotenuis uzonensis N4,13.0,p__Thermoproteota,c__Nitrososphaeria,o__Nitrososphaerales,f__Nitrosopumilaceae,g__Nitrosotenuis,,p__Nitrososphaerota,c__Nitrososphaeria,o__Nitrosopumilales,f__,g__Nitrosotenuis,,Terrestrial thermophile,Group 1.1a,Group 1.1a-Nitrosopumilus,sequenced,,,RR_culture_017,46,,,,,,,,culture-temperature,IPL-GDGTs,Total IPLs (calculated),,71.5,0.8999999999999999,2.5,6.500000000000001,12.5,49.1,0.0,0.0,,,,,,,,,0.012587412587412587,0.03496503496503497,0.09090909090909093,0.17482517482517482,0.6867132867132867,0.0,,Culture,Culture - ThAOA,Bale et al. (2019) AEM,Data from original source,Data from original source; calculated from IPL fractions - assume ND as 0,No,No,Not reported; Assumed no brGDGTs (cultures),No,No,Pass,Fail,Bale et al. (2019),Nicole,https://doi.org/10.1128/AEM.01332-19,"GTDB Release 214.1; NCBI (retrieved from February 21, 2024)",0.883720930232558,3.488111888111888,0.872027972027972,0.5200000000000001,0.30453257790368277,0.012587412587412587,3.5023309897241743,0.014219101612286345
RR00018,Bale2019_018_Cultures_ThAOA_Ca Nitrosotenuis uzonesis_P-GDGT_HPH_50,N4,Candidatus Nitrosotenuis uzonensis N4,13.0,p__Thermoproteota,c__Nitrososphaeria,o__Nitrososphaerales,f__Nitrosopumilaceae,g__Nitrosotenuis,,p__Nitrososphaerota,c__Nitrososphaeria,o__Nitrosopumilales,f__,g__Nitrosotenuis,,Terrestrial thermophile,Group 1.1a,Group 1.1a-Nitrosopumilus,sequenced,,,RR_culture_018,50,,,,,,,,culture-temperature,IPL-GDGTs,Total IPLs (calculated),,68.8,1.1,2.0,6.4,12.100000000000001,47.1,0.0,0.1,,,,,,,,,0.01601164483260553,0.02911208151382824,0.09315866084425037,0.17612809315866085,0.6855895196506551,0.0,,Culture,Culture - ThAOA,Bale et al. (2019) AEM,Data from original source,Data from original source; calculated from IPL fractions - assume ND as 0,No,No,Not reported; Assumed no brGDGTs (cultures),No,No,Pass,Fail,Bale et al. (2019),Nicole,https://doi.org/10.1128/AEM.01332-19,"GTDB Release 214.1; NCBI (retrieved from February 21, 2024)",0.902439024390244,3.4861717612809318,0.8715429403202329,0.5289256198347108,0.3032544378698225,0.01601164483260553,3.598917311124331,0.11274554984339913
RR00019,Bale2019_019_Cultures_ThAOA_Ca Nitrosotenuis uzonesis_C-GDGT_37,N4,Candidatus Nitrosotenuis uzonensis N4,13.0,p__Thermoproteota,c__Nitrososphaeria,o__Nitrososphaerales,f__Nitrosopumilaceae,g__Nitrosotenuis,,p__Nitrososphaerota,c__Nitrososphaeria,o__Nitrosopumilales,f__,g__Nitrosotenuis,,Terrestrial thermophile,Group 1.1a,Group 1.1a-Nitrosopumilus,sequenced,,,RR_culture_019,37,,,,,,,,culture-temperature,Total GDGTs,Total GDGTs (Hydrolyzed B-D extracts; CLs + cleaved IPLs),,89.7,5.3,11.0,3.4,7.1,25.0,4.6,28.0,,,,,5.3,,,,0.09397163120567376,0.1950354609929078,0.06028368794326241,0.12588652482269502,0.44326241134751776,0.08156028368794326,,Culture,Culture - ThAOA,Bale et al. (2019) AEM,Data from original source,Data from original source; average abundance from 4 replicates,No,No,Not reported; Assumed no brGDGTs (cultures),No,No,Pass,Pass,Bale et al. (2019),Nicole,https://doi.org/10.1128/AEM.01332-19,"GTDB Release 214.1; NCBI (retrieved from February 21, 2024)",0.578544061302682,2.7925531914893615,0.6981382978723404,0.47887323943661975,0.4207436399217221,0.09397163120567376,2.2557689992806917,-0.5367841922086698
RR00020,Bale2019_020_Cultures_ThAOA_Ca Nitrosotenuis uzonesis_C-GDGT_46,N4,Candidatus Nitrosotenuis uzonensis N4,13.0,p__Thermoproteota,c__Nitrososphaeria,o__Nitrososphaerales,f__Nitrosopumilaceae,g__Nitrosotenuis,,p__Nitrososphaerota,c__Nitrososphaeria,o__Nitrosopumilales,f__,g__Nitrosotenuis,,Terrestrial thermophile,Group 1.1a,Group 1.1a-Nitrosopumilus,sequenced,,,RR_culture_020,46,,,,,,,,culture-temperature,Total GDGTs,Total GDGTs (Hydrolyzed B-D extracts; CLs + cleaved IPLs),,93.8,0.4,3.9,1.4,2.9,51.0,12.0,16.0,,,,,6.2,,,,0.005586592178770951,0.054469273743016765,0.019553072625698324,0.040502793296089384,0.7122905027932962,0.1675977653631285,,Culture,Culture - ThAOA,Bale et al. (2019) AEM,Data from original source,Data from original source; average abundance from 4 replicates,No,No,Not reported; Assumed no brGDGTs (cultures),No,No,Pass,Pass,Bale et al. (2019),Nicole,https://doi.org/10.1128/AEM.01332-19,"GTDB Release 214.1; NCBI (retrieved from February 21, 2024)",0.806930693069307,3.7346368715083806,0.9336592178770952,0.4827586206896552,0.11516853932584269,0.005586592178770951,3.1304386824821098,-0.6041981890262709
RR00021,Bale2019_021_Cultures_ThAOA_Ca Nitrosotenuis uzonesis_C-GDGT_50,N4,Candidatus Nitrosotenuis uzonensis N4,13.0,p__Thermoproteota,c__Nitrososphaeria,o__Nitrososphaerales,f__Nitrosopumilaceae,g__Nitrosotenuis,,p__Nitrososphaerota,c__Nitrososphaeria,o__Nitrosopumilales,f__,g__Nitrosotenuis,,Terrestrial thermophile,Group 1.1a,Group 1.1a-Nitrosopumilus,sequenced,,,RR_culture_021,50,,,,,,,,culture-temperature,Total GDGTs,Total GDGTs (Hydrolyzed B-D extracts; CLs + cleaved IPLs),,94.89999999999999,0.5,4.8,1.5,2.3,59.0,11.0,11.0,,,,,4.8,,,,0.006321112515802782,0.060682680151706705,0.018963337547408345,0.029077117572692796,0.7458912768647282,0.1390644753476612,,Culture,Culture - ThAOA,Bale et al. (2019) AEM,Data from original source,Data from original source; average abundance from 4 replicates,No,No,Not reported; Assumed no brGDGTs (cultures),No,No,Pass,Pass,Bale et al. (2019),Nicole,https://doi.org/10.1128/AEM.01332-19,"GTDB Release 214.1; NCBI (retrieved from February 21, 2024)",0.7551020408163265,3.7256637168141595,0.9314159292035399,0.6521739130434783,0.10941475826972011,0.006321112515802782,2.901566014160766,-0.8240977026533933
RR00022,Elling2015_Culture_NA0A2_18,NAOA2,Candidatus Nitrosopumilus sp. NAOA2,5.2,p__Thermoproteota,c__Nitrososphaeria,o__Nitrososphaerales,f__Nitrosopumilaceae,g__Nitrosopumilus,,p__Nitrososphaerota,c__Nitrososphaeria,o__Nitrosopumilales,f__Nitrosopumilaceae,g__Nitrosopumilus,,Marine mesophile,Group 1.1a,Group 1.1a-Nitrosopumilus,not_sequenced,South Atlantic surface water,South Atlantic; Benguela upwelling system,RR_culture_022,18,,7.5,,,,,,culture-temperature,Total GDGTs,Total GDGTs; Acid hydrolyzed TLEs (CLs + cleaved IPLs),,99.89999999999998,10.0,8.4,14.2,35.3,13.3,1.3,17.4,,,,,,,,,0.12121212121212123,0.10181818181818184,0.17212121212121215,0.4278787878787879,0.16121212121212125,0.015757575757575762,,Culture,Culture - AOA,Elling et al. (2015) GCA,Data from original source,Data from original source,No,No,Not reported; Assumed no brGDGTs (Cultures),No,Yes,Fail,Pass,Elling et al. (2015),Felix,https://doi.org/10.1016/j.gca.2015.09.004,"GTDB Release 214.1; NCBI (retrieved from February 21, 2024)",0.8581081081081081,2.437575757575758,0.6093939393939395,0.4022662889518414,0.7986206896551724,0.12121212121212123,3.373937180423667,0.9363614228479089
RR00023,Elling2015_Culture_NA0A2_22,NAOA2,Candidatus Nitrosopumilus sp. NAOA2,5.2,p__Thermoproteota,c__Nitrososphaeria,o__Nitrososphaerales,f__Nitrosopumilaceae,g__Nitrosopumilus,,p__Nitrososphaerota,c__Nitrososphaeria,o__Nitrosopumilales,f__Nitrosopumilaceae,g__Nitrosopumilus,,Marine mesophile,Group 1.1a,Group 1.1a-Nitrosopumilus,not_sequenced,South Atlantic surface water,South Atlantic; Benguela upwelling system,RR_culture_023,22,,7.5,,,,,,culture-temperature,Total GDGTs,Total GDGTs; Acid hydrolyzed TLEs (CLs + cleaved IPLs),,100.09999999999998,14.4,9.6,23.3,21.4,17.5,1.3,12.6,,,,,,,,,0.1645714285714286,0.10971428571428572,0.26628571428571435,0.2445714285714286,0.20000000000000004,0.01485714285714286,,Culture,Culture - AOA,Elling et al. (2015) GCA,Data from original source,Data from original source,No,No,Not reported; Assumed no brGDGTs (Cultures),No,Yes,Fail,Pass,Elling et al. (2015),Felix,https://doi.org/10.1016/j.gca.2015.09.004,"GTDB Release 214.1; NCBI (retrieved from February 21, 2024)",0.8273381294964028,2.235428571428572,0.558857142857143,1.0887850467289721,0.7428180574555403,0.1645714285714286,3.225451063609544,0.9900224921809717
RR00024,Elling2015_Culture_NA0A2_28,NAOA2,Candidatus Nitrosopumilus sp. NAOA2,5.2,p__Thermoproteota,c__Nitrososphaeria,o__Nitrososphaerales,f__Nitrosopumilaceae,g__Nitrosopumilus,,p__Nitrososphaerota,c__Nitrososphaeria,o__Nitrosopumilales,f__Nitrosopumilaceae,g__Nitrosopumilus,,Marine mesophile,Group 1.1a,Group 1.1a-Nitrosopumilus,not_sequenced,South Atlantic surface water,South Atlantic; Benguela upwelling system,RR_culture_024,28,,7.5,,,,,,culture-temperature,Total GDGTs,Total GDGTs; Acid hydrolyzed TLEs (CLs + cleaved IPLs),,100.00000000000001,10.5,7.1,23.1,21.7,23.9,2.2,11.5,,,,,,,,,0.11864406779661014,0.08022598870056495,0.26101694915254237,0.2451977401129943,0.2700564971751412,0.02485875706214689,,Culture,Culture - AOA,Elling et al. (2015) GCA,Data from original source,Data from original source,No,No,Not reported; Assumed no brGDGTs (Cultures),No,Yes,Fail,Pass,Elling et al. (2015),Felix,https://doi.org/10.1016/j.gca.2015.09.004,"GTDB Release 214.1; NCBI (retrieved from February 21, 2024)",0.8687615526802218,2.517514124293785,0.6293785310734462,1.0645161290322582,0.6653846153846154,0.11864406779661014,3.426812434015191,0.909298309721406
RR00025,Elling2015_Culture_NA0A2_35,NAOA2,Candidatus Nitrosopumilus sp. NAOA2,5.2,p__Thermoproteota,c__Nitrososphaeria,o__Nitrososphaerales,f__Nitrosopumilaceae,g__Nitrosopumilus,,p__Nitrososphaerota,c__Nitrososphaeria,o__Nitrosopumilales,f__Nitrosopumilaceae,g__Nitrosopumilus,,Marine mesophile,Group 1.1a,Group 1.1a-Nitrosopumilus,not_sequenced,South Atlantic surface water,South Atlantic; Benguela upwelling system,RR_culture_025,35,,7.5,,,,,,culture-temperature,Total GDGTs,Total GDGTs; Acid hydrolyzed TLEs (CLs + cleaved IPLs),,100.10000000000002,8.8,7.0,10.3,14.5,38.7,4.9,15.9,,,,,,,,,0.10451306413301661,0.08313539192399048,0.12232779097387171,0.172209026128266,0.4596199524940617,0.05819477434679334,,Culture,Culture - AOA,Elling et al. (2015) GCA,Data from original source,Data from original source,No,No,Not reported; Assumed no brGDGTs (Cultures),No,No,Pass,Pass,Elling et al. (2015),Felix,https://doi.org/10.1016/j.gca.2015.09.004,"GTDB Release 214.1; NCBI (retrieved from February 21, 2024)",0.8092643051771117,2.915676959619952,0.728919239904988,0.7103448275862069,0.4217506631299735,0.10451306413301661,3.1411634209178176,0.22548646129786576
RR00026,Elling2015_Culture_NA0A6_18,NAOA6,Candidatus Nitrosopumilus sp. NAOA6,7.1,p__Thermoproteota,c__Nitrososphaeria,o__Nitrososphaerales,f__Nitrosopumilaceae,g__Nitrosopumilus,,p__Nitrososphaerota,c__Nitrososphaeria,o__Nitrosopumilales,f__Nitrosopumilaceae,g__Nitrosopumilus,,Marine mesophile,Group 1.1a,Group 1.1a-Nitrosopumilus,not_sequenced,South Atlantic surface water,South Atlantic; Benguela upwelling system,RR_culture_026,18,,7.5,,,,,,culture-temperature,Total GDGTs,Total GDGTs; Acid hydrolyzed TLEs (CLs + cleaved IPLs),,100.0,31.2,18.4,14.9,3.7,30.4,0.2,1.2,,,,,,,,,0.3157894736842105,0.18623481781376516,0.1508097165991903,0.03744939271255061,0.3076923076923077,0.0020242914979757085,,Culture,Culture - AOA,Elling et al. (2015) GCA,Data from original source,Data from original source,No,No,Not reported; Assumed no brGDGTs (Cultures),No,Yes,Fail,Pass,Elling et al. (2015),Felix,https://doi.org/10.1016/j.gca.2015.09.004,"GTDB Release 214.1; NCBI (retrieved from February 21, 2024)",0.5053763440860215,1.8390688259109313,0.45976720647773284,4.027027027027027,0.5473372781065088,0.3157894736842105,2.0488056422707825,0.2097368163598512
RR00027,Elling2015_Culture_NA0A6_22,NAOA6,Candidatus Nitrosopumilus sp. NAOA6,7.1,p__Thermoproteota,c__Nitrososphaeria,o__Nitrososphaerales,f__Nitrosopumilaceae,g__Nitrosopumilus,,p__Nitrososphaerota,c__Nitrososphaeria,o__Nitrosopumilales,f__Nitrosopumilaceae,g__Nitrosopumilus,,Marine mesophile,Group 1.1a,Group 1.1a-Nitrosopumilus,not_sequenced,South Atlantic surface water,South Atlantic; Benguela upwelling system,RR_culture_027,22,,7.5,,,,,,culture-temperature,Total GDGTs,Total GDGTs; Acid hydrolyzed TLEs (CLs + cleaved IPLs),,99.89999999999999,12.2,9.6,22.1,19.8,24.3,1.6,10.3,,,,,,,,,0.13616071428571427,0.10714285714285715,0.24665178571428575,0.22098214285714288,0.27120535714285715,0.01785714285714286,,Culture,Culture - AOA,Elling et al. (2015) GCA,Data from original source,Data from original source,No,No,Not reported; Assumed no brGDGTs (Cultures),No,Yes,Fail,Pass,Elling et al. (2015),Felix,https://doi.org/10.1016/j.gca.2015.09.004,"GTDB Release 214.1; NCBI (retrieved from February 21, 2024)",0.8192090395480225,2.419642857142857,0.6049107142857143,1.1161616161616161,0.6653746770025839,0.13616071428571427,3.187272495132305,0.7676296379894478
RR00028,Elling2015_Culture_NA0A6_28,NAOA6,Candidatus Nitrosopumilus sp. NAOA6,7.1,p__Thermoproteota,c__Nitrososphaeria,o__Nitrososphaerales,f__Nitrosopumilaceae,g__Nitrosopumilus,,p__Nitrososphaerota,c__Nitrososphaeria,o__Nitrosopumilales,f__Nitrosopumilaceae,g__Nitrosopumilus,,Marine mesophile,Group 1.1a,Group 1.1a-Nitrosopumilus,not_sequenced,South Atlantic surface water,South Atlantic; Benguela upwelling system,RR_culture_028,28,,7.5,,,,,,culture-temperature,Total GDGTs,Total GDGTs; Acid hydrolyzed TLEs (CLs + cleaved IPLs),,99.89999999999999,7.5,5.9,27.0,11.3,40.9,1.2,6.1,,,,,,,,,0.07995735607675906,0.0628997867803838,0.2878464818763326,0.12046908315565033,0.43603411513859275,0.01279317697228145,,Culture,Culture - AOA,Elling et al. (2015) GCA,Data from original source,Data from original source,No,No,Not reported; Assumed no brGDGTs (Cultures),No,Yes,Fail,Pass,Elling et al. (2015),Felix,https://doi.org/10.1016/j.gca.2015.09.004,"GTDB Release 214.1; NCBI (retrieved from February 21, 2024)",0.8700440528634362,2.7953091684434965,0.6988272921108741,2.389380530973451,0.5121668597914253,0.07995735607675906,3.433228570319626,0.6379194018761294
RR00029,Elling2015_Culture_SCM1_22,SCM1,Nitrosopumilus maritimus SCM1,7.0,p__Thermoproteota,c__Nitrososphaeria,o__Nitrososphaerales,f__Nitrosopumilaceae,g__Nitrosopumilus,s__Nitrosopumilus maritimus,p__Nitrososphaerota,c__Nitrososphaeria,o__Nitrosopumilales,f__Nitrosopumilaceae,g__Nitrosopumilus,s__Nitrosopumilus maritimus,Marine mesophile,Group 1.1a,Group 1.1a-Nitrosopumilus,sequenced,a tropical marine fish tank at the Seattle Aquarium in Seattle,Washington,RR_culture_029,22,,7.5,,,,,,culture-temperature,Total GDGTs,Total GDGTs; Acid hydrolyzed TLEs (CLs + cleaved IPLs),,100.2,25.2,17.1,20.5,5.8,29.0,0.4,2.2,,,,,,,,,0.2571428571428571,0.17448979591836736,0.20918367346938777,0.05918367346938775,0.29591836734693877,0.004081632653061225,,Culture,Culture - AOA,Elling et al. (2015) GCA,Data from original source,Data from original source,No,No,Not reported; Assumed no brGDGTs (Cultures),No,Yes,Fail,Pass,Elling et al. (2015),Felix,https://doi.org/10.1016/j.gca.2015.09.004,"GTDB Release 214.1; NCBI (retrieved from February 21, 2024)",0.6095890410958904,1.970408163265306,0.4926020408163265,3.53448275862069,0.5961538461538461,0.2571428571428571,2.354324451116532,0.3839162878512261
RR00030,Elling2015_Culture_SCM1_25,SCM1,Nitrosopumilus maritimus SCM1,7.0,p__Thermoproteota,c__Nitrososphaeria,o__Nitrososphaerales,f__Nitrosopumilaceae,g__Nitrosopumilus,s__Nitrosopumilus maritimus,p__Nitrososphaerota,c__Nitrososphaeria,o__Nitrosopumilales,f__Nitrosopumilaceae,g__Nitrosopumilus,s__Nitrosopumilus maritimus,Marine mesophile,Group 1.1a,Group 1.1a-Nitrosopumilus,sequenced,a tropical marine fish tank at the Seattle Aquarium in Seattle,Washington,RR_culture_030,25,,7.5,,,,,,culture-temperature,Total GDGTs,Total GDGTs; Acid hydrolyzed TLEs (CLs + cleaved IPLs),,100.09999999999998,15.2,12.6,24.3,5.7,38.9,0.6,2.8,,,,,,,,,0.15621788283658788,0.12949640287769787,0.24974306269270302,0.058581706063720464,0.39979445015416243,0.006166495375128469,,Culture,Culture - AOA,Elling et al. (2015) GCA,Data from original source,Data from original source,No,No,Not reported; Assumed no brGDGTs (Cultures),No,Yes,Fail,Pass,Elling et al. (2015),Felix,https://doi.org/10.1016/j.gca.2015.09.004,"GTDB Release 214.1; NCBI (retrieved from February 21, 2024)",0.7083333333333334,2.428571428571429,0.6071428571428572,4.263157894736842,0.5188794153471377,0.15621788283658788,2.7103472222222225,0.28177579365079364
RR00031,Elling2015_Culture_SCM1_28,SCM1,Nitrosopumilus maritimus SCM1,7.0,p__Thermoproteota,c__Nitrososphaeria,o__Nitrososphaerales,f__Nitrosopumilaceae,g__Nitrosopumilus,s__Nitrosopumilus maritimus,p__Nitrososphaerota,c__Nitrososphaeria,o__Nitrosopumilales,f__Nitrosopumilaceae,g__Nitrosopumilus,s__Nitrosopumilus maritimus,Marine mesophile,Group 1.1a,Group 1.1a-Nitrosopumilus,sequenced,a tropical marine fish tank at the Seattle Aquarium in Seattle,Washington,RR_culture_031,28,,7.5,,,,,,culture-temperature,Total GDGTs,Total GDGTs; Acid hydrolyzed TLEs (CLs + cleaved IPLs),,100.10000000000001,12.1,10.0,26.6,9.5,35.7,0.9,5.3,,,,,,,,,0.12763713080168773,0.10548523206751054,0.280590717299578,0.100210970464135,0.37658227848101267,0.009493670886075948,,Culture,Culture - AOA,Elling et al. (2015) GCA,Data from original source,Data from original source,No,No,Not reported; Assumed no brGDGTs (Cultures),No,Yes,Fail,Pass,Elling et al. (2015),Felix,https://doi.org/10.1016/j.gca.2015.09.004,"GTDB Release 214.1; NCBI (retrieved from February 21, 2024)",0.7872340425531915,2.511603375527426,0.6279008438818565,2.8000000000000003,0.5574365175332526,0.12763713080168773,3.041358080579448,0.5297547050520217
RR00032,Elling2015_Culture_SCM1_35,SCM1,Nitrosopumilus maritimus SCM1,7.0,p__Thermoproteota,c__Nitrososphaeria,o__Nitrososphaerales,f__Nitrosopumilaceae,g__Nitrosopumilus,s__Nitrosopumilus maritimus,p__Nitrososphaerota,c__Nitrososphaeria,o__Nitrosopumilales,f__Nitrosopumilaceae,g__Nitrosopumilus,s__Nitrosopumilus maritimus,Marine mesophile,Group 1.1a,Group 1.1a-Nitrosopumilus,sequenced,a tropical marine fish tank at the Seattle Aquarium in Seattle,Washington,RR_culture_032,35,,7.5,,,,,,culture-temperature,Total GDGTs,Total GDGTs; Acid hydrolyzed TLEs (CLs + cleaved IPLs),,99.99000000000001,5.78,4.71,11.26,3.49,73.91,0.84,,,,,,,,,,0.057805780578057804,0.0471047104710471,0.1126112611261126,0.0349034903490349,0.7391739173917391,0.0084008400840084,,Culture,Culture - AOA,Elling et al. (2015) GCA,Data from original source,Data from original source,No,No,Not reported; Assumed no brGDGTs (Cultures),No,No,Pass,Pass,Elling et al. (2015),Felix,https://doi.org/10.1016/j.gca.2015.09.004,"GTDB Release 214.1; NCBI (retrieved from February 21, 2024)",0.7679802955665025,3.3673367336733673,0.8418341834183418,3.2263610315186244,0.20655981318331385,0.057805780578057804,2.9567703705501227,-0.41056636312324457
RR00033,Elling2017_culture_marineAOA_1G_P-GDGT_Nitrosopumilus adriaticus NF5,NF5,Nitrosopumilus adriaticus NF5,5.0,p__Thermoproteota,c__Nitrososphaeria,o__Nitrososphaerales,f__Nitrosopumilaceae,g__Nitrosopumilus,s__Nitrosopumilus adriaticus,p__Nitrososphaerota,c__Nitrososphaeria,o__Nitrosopumilales,f__Nitrosopumilaceae,g__Nitrosopumilus,s__Nitrosopumilus adriaticus,Marine mesophile,Group 1.1a,Group 1.1a-Nitrosopumilus,sequenced,coastal surface water,North Adriatic Sea,RR_culture_033,30,,7.2,,,,,,culture-temperature,IPL-GDGTs,IPL-GDGT (reported); 1G (Hexose),,23.105219487998852,5.049027354470944,2.38304386318605,1.9410298585902792,1.3885496408031357,9.280337466114586,0.45435298470601426,2.6088783201278427,,,,,,,,,0.24633798359999662,0.11626679335927452,0.09470128559495955,0.0677462201390243,0.45278020062731766,0.02216751667942736,,Culture,Culture - AOA,Elling et al. (2017) Environmnental Microbiology,Data from original source,Data from original source; assumed GDGT-5 as Cren,No,No,Not reported; Assumed no brGDGTs (Cultures),No,No,Pass,Pass,Elling et al. (2017),Felix,https://doi.org/10.1111/1462-2920.13759,"GTDB Release 214.1; NCBI (retrieved from February 21, 2024)",0.6135798600500558,2.408698894193247,0.6021747235483117,1.3978829431460509,0.36981338189840757,0.24633798359999662,2.36745792002949,-0.04124097416375694
RR00034,Elling2017_culture_marineAOA_1G_P-GDGT_Nitrosopumilus maritimus SCM1,SCM1,Nitrosopumilus maritimus SCM1,7.0,p__Thermoproteota,c__Nitrososphaeria,o__Nitrososphaerales,f__Nitrosopumilaceae,g__Nitrosopumilus,s__Nitrosopumilus maritimus,p__Nitrososphaerota,c__Nitrososphaeria,o__Nitrosopumilales,f__Nitrosopumilaceae,g__Nitrosopumilus,s__Nitrosopumilus maritimus,Marine mesophile,Group 1.1a,Group 1.1a-Nitrosopumilus,sequenced,a tropical marine fish tank at the Seattle Aquarium in Seattle,Washington,RR_culture_034,28,,7.5,,,,,,culture-temperature,IPL-GDGTs,IPL-GDGT (reported); 1G (Hexose),,49.74218172434948,6.370943460375386,6.9359166509657815,11.466996176106411,6.2297703743821335,12.845688854122116,0.41169793045332265,5.48116827794433,,,,,,,,,0.14394029788969576,0.1567048766148194,0.25907667455449446,0.14075073951764905,0.2902258184773994,0.009301592945941921,,Culture,Culture - AOA,Elling et al. (2017) Environmnental Microbiology,Data from original source,Data from original source; assumed GDGT-5 as Cren,No,No,Not reported; Assumed no brGDGTs (Cultures),No,Yes,Fail,Pass,Elling et al. (2017),Felix,https://doi.org/10.1111/1462-2920.13759,"GTDB Release 214.1; NCBI (retrieved from February 21, 2024)",0.7230549793011607,2.2952200899701207,0.5738050224925302,1.8406771818204781,0.650109203032259,0.14394029788969576,2.768971896204217,0.4737518062340964
RR00035,Elling2017_culture_marineAOA_1G_P-GDGT_Nitrosopumilus piranensis D3C,D3C,Nitrosopumilus piranensis D3C,8.0,p__Thermoproteota,c__Nitrososphaeria,o__Nitrososphaerales,f__Nitrosopumilaceae,g__Nitrosopumilus,s_Nirosopumilus piranensis,p__Nitrososphaerota,c__Nitrososphaeria,o__Nitrosopumilales,f__Nitrosopumilaceae,g__Nitrosopumilus,s_Nirosopumilus piranensis,Marine mesophile,Group 1.1a,Group 1.1a-Nitrosopumilus,sequenced,coastal surface water,North Adriatic Sea,RR_culture_035,30,,7.2,,,,,,culture-temperature,IPL-GDGTs,IPL-GDGT (reported); 1G (Hexose),,25.58830141236373,4.6245746517822495,4.191522660190887,3.7386735611933073,1.0157446574839808,10.077200710590382,0.2233043638399888,1.7172808072829338,,,,,,,,,0.19373175233227932,0.1755904252916085,0.15661976180430065,0.0425513711494927,0.4221520678695034,0.009354621552815377,,Culture,Culture - AOA,Elling et al. (2017) Environmnental Microbiology,Data from original source,Data from original source; assumed GDGT-5 as Cren,No,No,Not reported; Assumed no brGDGTs (Cultures),No,No,Pass,Pass,Elling et al. (2017),Felix,https://doi.org/10.1111/1462-2920.13759,"GTDB Release 214.1; NCBI (retrieved from February 21, 2024)",0.5428715723876846,2.342510820037963,0.5856277050094908,3.680721856272495,0.4648100174222024,0.19373175233227932,2.150424575695651,-0.19208624434231236
RR00036,Elling2017_culture_marineAOA_1G_P-GDGT_Strain NAOA2,NAOA2,Candidatus Nitrosopumilus sp. NAOA2,5.2,p__Thermoproteota,c__Nitrososphaeria,o__Nitrososphaerales,f__Nitrosopumilaceae,g__Nitrosopumilus,,p__Nitrososphaerota,c__Nitrososphaeria,o__Nitrosopumilales,f__Nitrosopumilaceae,g__Nitrosopumilus,,Marine mesophile,Group 1.1a,Group 1.1a-Nitrosopumilus,not_sequenced,South Atlantic surface water,South Atlantic; Benguela upwelling system,RR_culture_036,28,,7.5,,,,,,culture-temperature,IPL-GDGTs,IPL-GDGT (reported); 1G (Hexose),,9.482915644366892,0.09830961785230602,0.03035628644457954,2.9725502224674614,2.4007666386282036,1.346915742271445,0.3253655582611356,2.30865157844176,,,,,,,,,0.013703094414831642,0.004231275314879987,0.4143352119677165,0.33463594545270214,0.18774270502095858,0.045351767828911,,Culture,Culture - AOA,Elling et al. (2017) Environmnental Microbiology,Data from original source,Data from original source; assumed GDGT-5 as Cren,No,No,Not reported; Assumed no brGDGTs (Cultures),No,Yes,Fail,Pass,Elling et al. (2017),Felix,https://doi.org/10.1111/1462-2920.13759,"GTDB Release 214.1; NCBI (retrieved from February 21, 2024)",0.9947013298384876,2.769187427007898,0.6922968567519745,1.2381670815644017,0.7636670342065252,0.013703094414831642,4.108990018158117,1.3398025911502192
RR00037,Elling2017_culture_marineAOA_1G_P-GDGT_Strain NAOA6,NAOA6,Candidatus Nitrosopumilus sp. NAOA6,7.1,p__Thermoproteota,c__Nitrososphaeria,o__Nitrososphaerales,f__Nitrosopumilaceae,g__Nitrosopumilus,,p__Nitrososphaerota,c__Nitrososphaeria,o__Nitrosopumilales,f__Nitrosopumilaceae,g__Nitrosopumilus,,Marine mesophile,Group 1.1a,Group 1.1a-Nitrosopumilus,not_sequenced,South Atlantic surface water,South Atlantic; Benguela upwelling system,RR_culture_037,28,,7.5,,,,,,culture-temperature,IPL-GDGTs,IPL-GDGT (reported); 1G (Hexose),,31.733101723764996,4.94509613124634,5.503684263605017,7.386054582218943,3.2070200763167973,8.208055361085378,0.18416027674351582,2.2990310325490046,,,,,,,,,0.1680058522357937,0.18698345605480524,0.2509355453992017,0.10895604994500023,0.2788623920623697,0.0062567043028294,,Culture,Culture - AOA,Elling et al. (2017) Environmnental Microbiology,Data from original source,Data from original source; assumed GDGT-5 as Cren,No,No,Not reported; Assumed no brGDGTs (Cultures),No,Yes,Fail,Pass,Elling et al. (2017),Felix,https://doi.org/10.1111/1462-2920.13759,"GTDB Release 214.1; NCBI (retrieved from February 21, 2024)",0.6619549426925365,2.156199082149006,0.5390497705372514,2.3030895992087737,0.6573063679217078,0.1680058522357937,2.53506672336161,0.3788676412126044
RR00038,Elling2017_culture_marineAOA_2G_P-GDGT_Nitrosopumilus adriaticus NF5,NF5,Nitrosopumilus adriaticus NF5,5.0,p__Thermoproteota,c__Nitrososphaeria,o__Nitrososphaerales,f__Nitrosopumilaceae,g__Nitrosopumilus,s__Nitrosopumilus adriaticus,p__Nitrososphaerota,c__Nitrososphaeria,o__Nitrosopumilales,f__Nitrosopumilaceae,g__Nitrosopumilus,s__Nitrosopumilus adriaticus,Marine mesophile,Group 1.1a,Group 1.1a-Nitrosopumilus,sequenced,coastal surface water,North Adriatic Sea,RR_culture_038,30,,7.2,,,,,,culture-temperature,IPL-GDGTs,IPL-GDGT (reported); 2G (Dihexose),,46.06453831539065,0.21085137178828273,3.0355514322725257,16.875651351262338,9.534912373320745,1.0992970830087527,0.9619890603323972,14.346285643405604,,,,,,,,,0.006647635163538374,0.095703614687251,0.5320485817986959,0.30061278822406257,0.03465818544221701,0.030329194684235186,,Culture,Culture - AOA,Elling et al. (2017) Environmnental Microbiology,Data from original source,Data from original source; assumed GDGT-5 as Cren,No,No,Not reported; Assumed no brGDGTs (Cultures),No,Yes,Fail,Pass,Elling et al. (2017),Felix,https://doi.org/10.1111/1462-2920.13759,"GTDB Release 214.1; NCBI (retrieved from February 21, 2024)",0.9001729469686343,2.3215886634626393,0.5803971658656598,1.7698800671185417,0.9345777164006135,0.006647635163538374,3.5871004612220814,1.2655117977594421
RR00039,Elling2017_culture_marineAOA_2G_P-GDGT_Nitrosopumilus maritimus SCM1,SCM1,Nitrosopumilus maritimus SCM1,7.0,p__Thermoproteota,c__Nitrososphaeria,o__Nitrososphaerales,f__Nitrosopumilaceae,g__Nitrosopumilus,s__Nitrosopumilus maritimus,p__Nitrososphaerota,c__Nitrososphaeria,o__Nitrosopumilales,f__Nitrosopumilaceae,g__Nitrosopumilus,s__Nitrosopumilus maritimus,Marine mesophile,Group 1.1a,Group 1.1a-Nitrosopumilus,sequenced,a tropical marine fish tank at the Seattle Aquarium in Seattle,Washington,RR_culture_039,28,,7.5,,,,,,culture-temperature,IPL-GDGTs,IPL-GDGT (reported); 2G (Dihexose),,9.559486348873321,0.0,0.0,0.0,0.0,8.845627945675474,0.7138584031978463,0.0,,,,,,,,,0.0,0.0,0.0,0.0,0.9253246066634132,0.0746753933365867,,Culture,Culture - AOA,Elling et al. (2017) Environmnental Microbiology,Data from original source,Data from original source; assumed GDGT-5 as Cren,No,No,Not reported; Assumed no brGDGTs (Cultures),No,No,Pass,Fail,Elling et al. (2017),Felix,https://doi.org/10.1111/1462-2920.13759,"GTDB Release 214.1; NCBI (retrieved from February 21, 2024)",1.0,3.9999999999999996,0.9999999999999999,,0.0,0.0,4.14,0.14000000000000012
RR00040,Elling2017_culture_marineAOA_2G_P-GDGT_Nitrosopumilus piranensis D3C,D3C,Nitrosopumilus piranensis D3C,8.0,p__Thermoproteota,c__Nitrososphaeria,o__Nitrososphaerales,f__Nitrosopumilaceae,g__Nitrosopumilus,s_Nirosopumilus piranensis,p__Nitrososphaerota,c__Nitrososphaeria,o__Nitrosopumilales,f__Nitrosopumilaceae,g__Nitrosopumilus,s_Nirosopumilus piranensis,Marine mesophile,Group 1.1a,Group 1.1a-Nitrosopumilus,sequenced,coastal surface water,North Adriatic Sea,RR_culture_040,30,,7.2,,,,,,culture-temperature,IPL-GDGTs,IPL-GDGT (reported); 2G (Dihexose),,2.462946410722237,0.0,0.0,0.0,0.0,0.8860934210066408,0.6126703557331021,0.9641826339824944,,,,,,,,,0.0,0.0,0.0,0.0,0.5912161974812051,0.40878380251879476,,Culture,Culture - AOA,Elling et al. (2017) Environmnental Microbiology,Data from original source,Data from original source; assumed GDGT-5 as Cren,No,No,Not reported; Assumed no brGDGTs (Cultures),No,No,Pass,Fail,Elling et al. (2017),Felix,https://doi.org/10.1111/1462-2920.13759,"GTDB Release 214.1; NCBI (retrieved from February 21, 2024)",1.0,3.9999999999999996,0.9999999999999999,,0.0,0.0,4.14,0.14000000000000012
RR00041,Elling2017_culture_marineAOA_2G_P-GDGT_Strain NAOA2,NAOA2,Candidatus Nitrosopumilus sp. NAOA2,5.2,p__Thermoproteota,c__Nitrososphaeria,o__Nitrososphaerales,f__Nitrosopumilaceae,g__Nitrosopumilus,,p__Nitrososphaerota,c__Nitrososphaeria,o__Nitrosopumilales,f__Nitrosopumilaceae,g__Nitrosopumilus,,Marine mesophile,Group 1.1a,Group 1.1a-Nitrosopumilus,not_sequenced,South Atlantic surface water,South Atlantic; Benguela upwelling system,RR_culture_041,28,,7.5,,,,,,culture-temperature,IPL-GDGTs,IPL-GDGT (reported); 2G (Dihexose),,13.1446664457211,0.035831430120560656,0.23898126836564018,6.193443566089147,2.6323110586798557,0.05024962579633353,0.3222467699395558,3.6716027267300078,,,,,,,,,0.0037824542495927395,0.02522745285525139,0.6537951976056978,0.2778732558720933,0.005304474591002251,0.034017164826362634,,Culture,Culture - AOA,Elling et al. (2017) Environmnental Microbiology,Data from original source,Data from original source; assumed GDGT-5 as Cren,No,No,Not reported; Assumed no brGDGTs (Cultures),No,Yes,Fail,Pass,Elling et al. (2017),Felix,https://doi.org/10.1111/1462-2920.13759,"GTDB Release 214.1; NCBI (retrieved from February 21, 2024)",0.9745412048851729,2.3237241733523866,0.5809310433380966,2.3528539857273763,0.9605290635714053,0.0037824542495927395,3.9927087315016445,1.668984558149258
RR00042,Elling2017_culture_marineAOA_2G_P-GDGT_Strain NAOA6,NAOA6,Candidatus Nitrosopumilus sp. NAOA6,7.1,p__Thermoproteota,c__Nitrososphaeria,o__Nitrososphaerales,f__Nitrosopumilaceae,g__Nitrosopumilus,,p__Nitrososphaerota,c__Nitrososphaeria,o__Nitrosopumilales,f__Nitrosopumilaceae,g__Nitrosopumilus,,Marine mesophile,Group 1.1a,Group 1.1a-Nitrosopumilus,not_sequenced,South Atlantic surface water,South Atlantic; Benguela upwelling system,RR_culture_042,28,,7.5,,,,,,culture-temperature,IPL-GDGTs,IPL-GDGT (reported); 2G (Dihexose),,34.98041446253498,0.08573673204229292,1.070277496568891,13.290032054471421,9.898344216538026,0.5158381118714228,1.1356666855868547,8.984519165456073,,,,,,,,,0.0032980872965712752,0.04117101889886267,0.5112357894426812,0.3807656594789516,0.01984306006684779,0.04368638481608543,,Culture,Culture - AOA,Elling et al. (2017) Environmnental Microbiology,Data from original source,Data from original source; assumed GDGT-5 as Cren,No,No,Not reported; Assumed no brGDGTs (Cultures),No,Yes,Fail,Pass,Elling et al. (2017),Felix,https://doi.org/10.1111/1462-2920.13759,"GTDB Release 214.1; NCBI (retrieved from February 21, 2024)",0.957853666588842,2.4600573557528125,0.6150143389382031,1.342652039950945,0.936260336141407,0.0032980872965712752,3.8984983834309173,1.4384410276781048
RR00043,Elling2017_culture_ThAOA_1G_P-GDGT_Nitrosocaldus yellowstonii,HL72,Candidatus Nitrosocaldus yellowstonensis HL72,25.1,p__Thermoproteota,c__Nitrososphaeria,o__Nitrososphaerales,f__Nitrosocaldaceae,g__Nitrosocaldus,,p__Nitrososphaerota,c__Nitrososphaeria,o__Candidatus Nitrosocaldales,f__Candidatus Nitrosocaldaceae,g__Candidatus Nitrosocaldus,,Terrestrial thermophile,HWCG-III,HWCG-III-Nitrosocaldus,not_sequenced,,,RR_culture_043,72,,7.0,,,,,,culture-temperature,IPL-GDGTs,IPL-GDGT (reported); 1G (Hexose),,78.7775912318573,0.16234894897708035,0.23816778013225864,0.3930670629665899,0.3111640356996936,67.96843077481934,5.488651795396368,4.215760833865971,,,,,,,,,0.0021773734377295273,0.0031942319395994174,0.005271692779918383,0.004173234938557467,0.9115713819258705,0.07361208497832465,,Culture,Culture - ThAOA,Elling et al. (2017) Environmnental Microbiology,Data from original source,Data from original source; assumed GDGT-5 as Cren,No,No,Not reported; Assumed no brGDGTs (Cultures),No,No,Pass,Pass,Elling et al. (2017),Felix,https://doi.org/10.1111/1462-2920.13759,"GTDB Release 214.1; NCBI (retrieved from February 21, 2024)",0.9629659612094296,3.966991189931889,0.9917477974829723,1.263214953754943,0.012666739881034865,0.0021773734377295273,3.9271636387961006,-0.0398275511357884
RR00044,Elling2017_culture_ThAOA_1G_P-GDGT_Nitrososphaera gargensis Ga9.2_46degC_pH7.8_stationaryPhase,Ga9.2,Candidatus Nitrososphaera gargensis Ga9.2,15.0,p__Thermoproteota,c__Nitrososphaeria,o__Nitrososphaerales,f__Nitrososphaeraceae,g__Nitrososphaera,,p__Nitrososphaerota,c__Nitrososphaeria,o__Nitrososphaerales,f__Nitrososphaeraceae,g__Nitrososphaera,,Terrestrial thermophile,Group 1.1b,Group 1.1b-Nitrososphaera,sequenced,,,RR_culture_044,46,,7.8,,,,,Stationary Phase,culture-temperature,IPL-GDGTs,IPL-GDGT (reported); 1G (Hexose),,49.07208435625402,1.5837492047947956,1.3507600050848956,1.518351413719652,1.2915565031548457,37.31933904850251,0.7055350096113729,5.302793171385942,,,,,,,,,0.036184026789593746,0.03086090655157515,0.034689878968032654,0.02950828007928451,0.8526375008194,0.016119406792113888,,Culture,Culture - ThAOA,Elling et al. (2017) Environmnental Microbiology,Data from original source,Data from original source; assumed GDGT-5 as Cren,No,No,Not reported; Assumed no brGDGTs (Cultures),No,No,Pass,Pass,Elling et al. (2017),Felix,https://doi.org/10.1111/1462-2920.13759,"GTDB Release 214.1; NCBI (retrieved from February 21, 2024)",0.7224201242571522,3.6637931351715496,0.9159482837928874,1.1755981329588148,0.09862781717785497,0.036184026789593746,2.766414079615301,-0.8973790555562484
RR00045,Elling2017_culture_ThAOA_2G_P-GDGT_Nitrososphaera gargensis  Ga9.2_46degC_pH7.8_stationaryPhase,Ga9.2,Candidatus Nitrososphaera gargensis Ga9.2,15.0,p__Thermoproteota,c__Nitrososphaeria,o__Nitrososphaerales,f__Nitrososphaeraceae,g__Nitrososphaera,,p__Nitrososphaerota,c__Nitrososphaeria,o__Nitrososphaerales,f__Nitrososphaeraceae,g__Nitrososphaera,,Terrestrial thermophile,Group 1.1b,Group 1.1b-Nitrososphaera,sequenced,,,RR_culture_045,46,,7.8,,,,,Stationary Phase,culture-temperature,IPL-GDGTs,IPL-GDGT (reported); 2G (Dihexose),,19.375346238262296,0.0827366341639229,1.263320199757183,5.6848979614474,4.288925874943966,0.50322098997341,0.7470026612987849,6.805241916677628,,,,,,,,,0.006582016508952298,0.10050196620786046,0.45225543209578756,0.3412004996314364,0.0400331593994258,0.059426926156537496,,Culture,Culture - AOA,Elling et al. (2017) Environmnental Microbiology,Data from original source,Data from original source; assumed GDGT-5 as Cren,No,No,Not reported; Assumed no brGDGTs (Cultures),No,Yes,Fail,Pass,Elling et al. (2017),Felix,https://doi.org/10.1111/1462-2920.13759,"GTDB Release 214.1; NCBI (retrieved from February 21, 2024)",0.8945840507754905,2.4264546715175976,0.6066136678793994,1.3254829127867993,0.89988092906629,0.006582016508952298,3.5581019522571316,1.131647280739534
RR00046,Elling2017_culture_marineAOA_total_IPLs_Nitrosopumilus adriaticus NF5,NF5,Nitrosopumilus adriaticus NF5,5.0,p__Thermoproteota,c__Nitrososphaeria,o__Nitrososphaerales,f__Nitrosopumilaceae,g__Nitrosopumilus,s__Nitrosopumilus adriaticus,p__Nitrososphaerota,c__Nitrososphaeria,o__Nitrosopumilales,f__Nitrosopumilaceae,g__Nitrosopumilus,s__Nitrosopumilus adriaticus,Marine mesophile,Group 1.1a,Group 1.1a-Nitrosopumilus,sequenced,coastal surface water,North Adriatic Sea,RR_culture_046,30,,7.2,,,,,,culture-temperature,IPL-GDGTs,Total IPLs (calculated),,96.30872005206122,9.13617310466401,21.328141218393466,33.09816697309051,7.860736307417431,12.462341369750959,1.2013556460047992,11.221805432740059,,,,,,,,,0.10737459626476346,0.2506629992850906,0.38899244520936854,0.09238478492946141,0.14646601566771425,0.014119158643601828,,Culture,Culture - AOA,Elling et al. (2017) Environmnental Microbiology,Data from original source,Data from original source; assumed GDGT-5 as Cren - calculated from all IPL fractions,No,No,Not reported; Assumed no brGDGTs (Cultures),No,Yes,Fail,Pass,Elling et al. (2017),Felix,https://doi.org/10.1111/1462-2920.13759,"GTDB Release 214.1; NCBI (retrieved from February 21, 2024)",0.6640623929770789,1.9481429417374763,0.48703573543436907,4.210568282497774,0.8200979115770858,0.10737459626476346,2.5427217784722447,0.5945788367347684
RR00047,Elling2017_culture_marineAOA_total_IPLs_Nitrosopumilus maritimus SCM1,SCM1,Nitrosopumilus maritimus SCM1,7.0,p__Thermoproteota,c__Nitrososphaeria,o__Nitrososphaerales,f__Nitrosopumilaceae,g__Nitrosopumilus,s__Nitrosopumilus maritimus,p__Nitrososphaerota,c__Nitrososphaeria,o__Nitrosopumilales,f__Nitrosopumilaceae,g__Nitrosopumilus,s__Nitrosopumilus maritimus,Marine mesophile,Group 1.1a,Group 1.1a-Nitrosopumilus,sequenced,a tropical marine fish tank at the Seattle Aquarium in Seattle,Washington,RR_culture_047,28,,7.5,,,,,,culture-temperature,IPL-GDGTs,Total IPLs (calculated),,99.9956900160148,11.908720324912494,13.94060525045175,34.75690557006081,12.553608508551225,14.517149538264709,0.7339447003928785,11.584756123380942,,,,,,,,,0.1346973705692831,0.15767965156188946,0.3931290400378482,0.14199158357264174,0.16420083918460038,0.008301515073737147,,Culture,Culture - AOA,Elling et al. (2017) Environmnental Microbiology,Data from original source,Data from original source; assumed GDGT-5 as Cren - calculated from all IPL fractions,No,No,Not reported; Assumed no brGDGTs (Cultures),No,Yes,Fail,Pass,Elling et al. (2017),Felix,https://doi.org/10.1111/1462-2920.13759,"GTDB Release 214.1; NCBI (retrieved from February 21, 2024)",0.7750973485511466,2.0599218993888613,0.5149804748472153,2.768678467739791,0.80064505943796,0.1346973705692831,2.987751028722596,0.9278291293337348
RR00048,Elling2017_culture_marineAOA_total_IPLs_Nitrosopumilus piranensis D3C,D3C,Nitrosopumilus piranensis D3C,8.0,p__Thermoproteota,c__Nitrososphaeria,o__Nitrososphaerales,f__Nitrosopumilaceae,g__Nitrosopumilus,s_Nirosopumilus piranensis,p__Nitrososphaerota,c__Nitrososphaeria,o__Nitrosopumilales,f__Nitrosopumilaceae,g__Nitrosopumilus,s_Nirosopumilus piranensis,Marine mesophile,Group 1.1a,Group 1.1a-Nitrosopumilus,sequenced,coastal surface water,North Adriatic Sea,RR_culture_048,30,,7.2,,,,,,culture-temperature,IPL-GDGTs,Total IPLs (calculated),,99.8348757506008,6.2342634882376275,13.791118532258942,37.925157272847834,11.674232022531383,11.910740905799981,1.185293424172386,17.114070104752646,,,,,,,,,0.07536512053483042,0.16671886141078865,0.45847180738563487,0.14112812286321494,0.14398724495979076,0.01432884284574031,,Culture,Culture - AOA,Elling et al. (2017) Environmnental Microbiology,Data from original source,Data from original source; assumed GDGT-5 as Cren - calculated from all IPL fractions,No,No,Not reported; Assumed no brGDGTs (Cultures),No,Yes,Fail,Pass,Elling et al. (2017),Felix,https://doi.org/10.1111/1462-2920.13759,"GTDB Release 214.1; NCBI (retrieved from February 21, 2024)",0.7864351929838073,2.1403111959938275,0.5350777989984569,3.2486211683690978,0.8287798878005718,0.07536512053483042,3.0377995397772155,0.897488343783388
RR00049,Elling2017_culture_marineAOA_total_IPLs_Strain NAOA2,NAOA2,Candidatus Nitrosopumilus sp. NAOA2,5.2,p__Thermoproteota,c__Nitrososphaeria,o__Nitrososphaerales,f__Nitrosopumilaceae,g__Nitrosopumilus,,p__Nitrososphaerota,c__Nitrososphaeria,o__Nitrosopumilales,f__Nitrosopumilaceae,g__Nitrosopumilus,,Marine mesophile,Group 1.1a,Group 1.1a-Nitrosopumilus,not_sequenced,South Atlantic surface water,South Atlantic; Benguela upwelling system,RR_culture_049,28,,7.5,,,,,,culture-temperature,IPL-GDGTs,Total IPLs (calculated),,99.88147831798572,5.712488373328843,8.885334527619802,42.86597707754962,17.731088660824316,8.523505366544159,1.4610322438479904,14.702052068270982,,,,,,,,,0.06706417998850954,0.10431315305612966,0.5032433178392438,0.20816163528553583,0.10006530616391307,0.01715240766666802,,Culture,Culture - AOA,Elling et al. (2017) Environmnental Microbiology,Data from original source,Data from original source; assumed GDGT-5 as Cren - calculated from all IPL fractions,No,No,Not reported; Assumed no brGDGTs (Cultures),No,Yes,Fail,Pass,Elling et al. (2017),Felix,https://doi.org/10.1111/1462-2920.13759,"GTDB Release 214.1; NCBI (retrieved from February 21, 2024)",0.8747546571504393,2.2041555499135495,0.5510388874783874,2.4175603595203494,0.8743560796828046,0.06706417998850954,3.4568886718793523,1.2527331219658029
RR00050,Elling2017_culture_marineAOA_total_IPLs_Strain NAOA6,NAOA6,Candidatus Nitrosopumilus sp. NAOA6,7.1,p__Thermoproteota,c__Nitrososphaeria,o__Nitrososphaerales,f__Nitrosopumilaceae,g__Nitrosopumilus,,p__Nitrososphaerota,c__Nitrososphaeria,o__Nitrosopumilales,f__Nitrosopumilaceae,g__Nitrosopumilus,,Marine mesophile,Group 1.1a,Group 1.1a-Nitrosopumilus,not_sequenced,South Atlantic surface water,South Atlantic; Benguela upwelling system,RR_culture_050,28,,7.5,,,,,,culture-temperature,IPL-GDGTs,Total IPLs (calculated),,99.97138784955683,15.953064509272505,18.22434898844709,35.101049214147764,11.97509077902811,9.594435863540356,0.4807759731030594,8.64262252201794,,,,,,,,,0.17467732594499538,0.19954664801487026,0.38433727958833513,0.13112069057411413,0.10505382208038337,0.005264233797301629,,Culture,Culture - AOA,Elling et al. (2017) Environmnental Microbiology,Data from original source,Data from original source; assumed GDGT-5 as Cren - calculated from all IPL fractions,No,No,Not reported; Assumed no brGDGTs (Cultures),No,Yes,Fail,Pass,Elling et al. (2017),Felix,https://doi.org/10.1111/1462-2920.13759,"GTDB Release 214.1; NCBI (retrieved from February 21, 2024)",0.7229553277671081,1.8028555024246231,0.4507138756061558,2.9311718684938888,0.8663334240707741,0.17467732594499538,2.7685702253628577,0.9657147229382346
RR00051,Elling2017_culture_ThAOA_total_IPLs_Nitrososphaera gargensis Ga9.2_46degC_pH7.8_stationaryPhase,Ga9.2,Candidatus Nitrososphaera gargensis Ga9.2,15.0,p__Thermoproteota,c__Nitrososphaeria,o__Nitrososphaerales,f__Nitrososphaeraceae,g__Nitrososphaera,,p__Nitrososphaerota,c__Nitrososphaeria,o__Nitrososphaerales,f__Nitrososphaeraceae,g__Nitrososphaera,,Terrestrial thermophile,Group 1.1b,Group 1.1b-Nitrososphaera,sequenced,,,RR_culture_051,46,,7.8,,,,,Stationary Phase,culture-temperature,IPL-GDGTs,Total IPLs (calculated),,97.65658496316274,1.7400360685139997,1.5114455968105385,1.6552273767865895,1.4536061041155128,69.34883742722369,1.4765103867273395,20.47092200298508,,,,,,,,,0.022543513934857762,0.019581947460765314,0.021444751697482594,0.018832592069144637,0.8984678600610423,0.019129334776707356,,Culture,Culture - AOA,Elling et al. (2017) Environmnental Microbiology,Data from original source,Data from original source; assumed GDGT-5 as Cren - calculated from all IPL fractions,No,No,Not reported; Assumed no brGDGTs (Cultures),No,No,Pass,Pass,Elling et al. (2017),Felix,https://doi.org/10.1111/1462-2920.13759,"GTDB Release 214.1; NCBI (retrieved from February 21, 2024)",0.7520915548050056,3.789358006414163,0.9473395016035407,1.1387042006085677,0.061239852700106026,0.022543513934857762,2.888819969406061,-0.900538037008102
RR00052,Elling2017_culture_marineAOA_totalGDGTs_Nitrosopumilus adriaticus,NF5,Nitrosopumilus adriaticus NF5,5.0,p__Thermoproteota,c__Nitrososphaeria,o__Nitrososphaerales,f__Nitrosopumilaceae,g__Nitrosopumilus,s__Nitrosopumilus adriaticus,p__Nitrososphaerota,c__Nitrososphaeria,o__Nitrosopumilales,f__Nitrosopumilaceae,g__Nitrosopumilus,s__Nitrosopumilus adriaticus,Marine mesophile,Group 1.1a,Group 1.1a-Nitrosopumilus,sequenced,coastal surface water,North Adriatic Sea,RR_culture_052,30,,7.2,,,,,,culture-temperature,Total GDGTs,Total GDGTs (Hydrolysed TLEs),,67.6470884185261,11.193468142746896,5.586973666264602,7.209025294913383,10.335349071165508,21.273420050215087,2.3330188778149386,9.71583331540568,,,,,,,,,0.19321984519102833,0.09644144005372439,0.12444103415472307,0.17840713191468216,0.36721835237899436,0.04027219630684771,,Culture,Culture - AOA,Elling et al. (2017) Environmnental Microbiology,Data from original source,Data from original source; assumed GDGT-5 as Cren,No,No,Not reported; Assumed no brGDGTs (Cultures),No,No,Pass,Pass,Elling et al. (2017),Felix,https://doi.org/10.1111/1462-2920.13759,"GTDB Release 214.1; NCBI (retrieved from February 21, 2024)",0.7805964041448128,2.5105070988505855,0.6276267747126464,0.6975115446294672,0.4949174861863984,0.19321984519102833,3.0119188460723496,0.5014117472217641
RR00053,Elling2017_culture_marineAOA_totalGDGTs_Nitrosopumilus maritimus,SCM1,Nitrosopumilus maritimus SCM1,7.0,p__Thermoproteota,c__Nitrososphaeria,o__Nitrososphaerales,f__Nitrosopumilaceae,g__Nitrosopumilus,s__Nitrosopumilus maritimus,p__Nitrososphaerota,c__Nitrososphaeria,o__Nitrosopumilales,f__Nitrosopumilaceae,g__Nitrosopumilus,s__Nitrosopumilus maritimus,Marine mesophile,Group 1.1a,Group 1.1a-Nitrosopumilus,sequenced,a tropical marine fish tank at the Seattle Aquarium in Seattle,Washington,RR_culture_053,28,,7.5,,,,,,culture-temperature,Total GDGTs,Total GDGTs (Hydrolysed TLEs),,90.94155111660152,8.00289041732267,7.853481766492784,28.518092651960448,8.019316520434696,32.729903390764704,0.6473511926668291,5.170515176959388,,,,,,,,,0.09330527875347544,0.09156333114618496,0.33249094335328877,0.09349678982632276,0.38159622338940896,0.007547433531319082,,Culture,Culture - AOA,Elling et al. (2017) Environmnental Microbiology,Data from original source,Data from original source; assumed GDGT-5 as Cren,No,No,Not reported; Assumed no brGDGTs (Cultures),No,Yes,Fail,Pass,Elling et al. (2017),Felix,https://doi.org/10.1111/1462-2920.13759,"GTDB Release 214.1; NCBI (retrieved from February 21, 2024)",0.8256263700622883,2.5936102150146425,0.6484025537536606,3.556174965695779,0.5708107174311845,0.09330527875347544,3.2173752528202435,0.623765037805601
RR00054,Elling2017_culture_marineAOA_totalGDGTs_Nitrosopumilus piranensis D3C,D3C,Nitrosopumilus piranensis D3C,8.0,p__Thermoproteota,c__Nitrososphaeria,o__Nitrososphaerales,f__Nitrosopumilaceae,g__Nitrosopumilus,s_Nirosopumilus piranensis,p__Nitrososphaerota,c__Nitrososphaeria,o__Nitrosopumilales,f__Nitrosopumilaceae,g__Nitrosopumilus,s_Nirosopumilus piranensis,Marine mesophile,Group 1.1a,Group 1.1a-Nitrosopumilus,sequenced,coastal surface water,North Adriatic Sea,RR_culture_054,30,,7.2,,,,,,culture-temperature,Total GDGTs,Total GDGTs (Hydrolysed TLEs),,82.82979998989254,7.711049216326671,6.833308696087968,18.903413929652064,9.617271667166015,19.32132374708816,1.6902165836612855,18.753216149910365,,,,,,,,,0.12034114108803616,0.10664283715799713,0.2950128236683057,0.1500902684073036,0.3015348601501465,0.026378069528210916,,Culture,Culture - AOA,Elling et al. (2017) Environmnental Microbiology,Data from original source,Data from original source; assumed GDGT-5 as Cren,No,No,Not reported; Assumed no brGDGTs (Cultures),No,Yes,Fail,Pass,Elling et al. (2017),Felix,https://doi.org/10.1111/1462-2920.13759,"GTDB Release 214.1; NCBI (retrieved from February 21, 2024)",0.8155363946378342,2.458591008429949,0.6146477521074872,1.9655692990549012,0.6272271615794927,0.12034114108803616,3.1701676845787397,0.7115766761487907
RR00055,Elling2017_culture_marineAOA_totalGDGTs_Strain NAOA2,NAOA2,Candidatus Nitrosopumilus sp. NAOA2,5.2,p__Thermoproteota,c__Nitrososphaeria,o__Nitrososphaerales,f__Nitrosopumilaceae,g__Nitrosopumilus,,p__Nitrososphaerota,c__Nitrososphaeria,o__Nitrosopumilales,f__Nitrosopumilaceae,g__Nitrosopumilus,,Marine mesophile,Group 1.1a,Group 1.1a-Nitrosopumilus,not_sequenced,South Atlantic surface water,South Atlantic; Benguela upwelling system,RR_culture_055,28,,7.5,,,,,,culture-temperature,Total GDGTs,Total GDGTs (Hydrolysed TLEs),,78.67294687619817,8.330973713375196,5.635031447881973,18.329009768550595,16.47532771561833,19.052773319079975,1.7998170440265242,9.050013867665575,,,,,,,,,0.1196584710436459,0.08093642718544154,0.2632610976946963,0.23663650759440438,0.2736565740019165,0.02585092247989536,,Culture,Culture - AOA,Elling et al. (2017) Environmnental Microbiology,Data from original source,Data from original source; assumed GDGT-5 as Cren,No,No,Not reported; Assumed no brGDGTs (Cultures),No,Yes,Fail,Pass,Elling et al. (2017),Felix,https://doi.org/10.1111/1462-2920.13759,"GTDB Release 214.1; NCBI (retrieved from February 21, 2024)",0.8665923284820538,2.5153981312852953,0.6288495328213238,1.1125126058145116,0.6597826109181986,0.1196584710436459,3.415985022831525,0.9005868915462298
RR00056,Elling2017_culture_marineAOA_totalGDGTs_Strain NAOA6,NAOA6,Candidatus Nitrosopumilus sp. NAOA6,7.1,p__Thermoproteota,c__Nitrososphaeria,o__Nitrososphaerales,f__Nitrosopumilaceae,g__Nitrosopumilus,,p__Nitrososphaerota,c__Nitrososphaeria,o__Nitrosopumilales,f__Nitrosopumilaceae,g__Nitrosopumilus,,Marine mesophile,Group 1.1a,Group 1.1a-Nitrosopumilus,not_sequenced,South Atlantic surface water,South Atlantic; Benguela upwelling system,RR_culture_056,28,,7.5,,,,,,culture-temperature,Total GDGTs,Total GDGTs (Hydrolysed TLEs),,84.87722280654869,10.821453502048053,8.360652582809072,19.025379805967045,18.04419741398638,19.388328122389577,1.1879325299731223,8.04927884937543,,,,,,,,,0.1408530925685104,0.10882306817255984,0.24763619623313746,0.2348650306722367,0.2523603668633557,0.015462245490199762,,Culture,Culture - AOA,Elling et al. (2017) Environmnental Microbiology,Data from original source,Data from original source; assumed GDGT-5 as Cren,No,No,Not reported; Assumed no brGDGTs (Cultures),No,Yes,Fail,Pass,Elling et al. (2017),Felix,https://doi.org/10.1111/1462-2920.13759,"GTDB Release 214.1; NCBI (retrieved from February 21, 2024)",0.8206567534100724,2.379981002069767,0.5949952505174417,1.0543766158987005,0.6882691306493327,0.1408530925685104,3.1940396228405445,0.8140586207707776
RR00057,Elling2017_culture_ThAOA_totalGDGTs_Nitrosocaldus yellowstonii,HL72,Candidatus Nitrosocaldus yellowstonensis HL72,25.1,p__Thermoproteota,c__Nitrososphaeria,o__Nitrososphaerales,f__Nitrosocaldaceae,g__Nitrosocaldus,,p__Nitrososphaerota,c__Nitrososphaeria,o__Candidatus Nitrosocaldales,f__Candidatus Nitrosocaldaceae,g__Candidatus Nitrosocaldus,,Terrestrial thermophile,HWCG-III,HWCG-III-Nitrosocaldus,not_sequenced,,,RR_culture_057,72,,7.0,,,,,,culture-temperature,Total GDGTs,Total GDGTs (Hydrolysed TLEs),,18.779393996793953,3.036202822209419,0.9314644645888664,0.3888923065156474,0.20622715491158491,12.844628445257658,0.8795791055863693,0.4923996977244079,,,,,,,,,0.1660307195679447,0.0509358973571868,0.021266059372886364,0.011277258117922523,0.7023914501855126,0.048098615398547095,,Culture,Culture - ThAOA,Elling et al. (2017) Environmnental Microbiology,Data from original source,Data from original source; assumed GDGT-5 as Cren,No,No,Not reported; Assumed no brGDGTs (Cultures),No,No,Pass,Pass,Elling et al. (2017),Felix,https://doi.org/10.1111/1462-2920.13759,"GTDB Release 214.1; NCBI (retrieved from February 21, 2024)",0.6128838934207523,3.129260052792966,0.7823150131982415,1.8857473288732316,0.10009866886793181,0.1660307195679447,2.3651599358904267,-0.7641001169025392
RR00058,Elling2017_culture_ThAOA_totalGDGTs_Nitrososphaera gargensis Ga9.2_35degC_pH7.8_stationaryPhase,Ga9.2,Candidatus Nitrososphaera gargensis Ga9.2,15.0,p__Thermoproteota,c__Nitrososphaeria,o__Nitrososphaerales,f__Nitrososphaeraceae,g__Nitrososphaera,,p__Nitrososphaerota,c__Nitrososphaeria,o__Nitrososphaerales,f__Nitrososphaeraceae,g__Nitrososphaera,,Terrestrial thermophile,Group 1.1b,Group 1.1b-Nitrososphaera,sequenced,,,RR_culture_058,35,,7.8,,,,,Stationary Phase,culture-temperature,Total GDGTs,Total GDGTs (Hydrolysed TLEs),,89.27597571127208,2.737898306064797,2.901782330014071,3.4370446629403,3.7858467010016423,45.11700179353715,26.410419082217214,4.885982835496909,,,,,,,,,0.0324434001327038,0.03438538422779096,0.04072810703989206,0.044861322675717394,0.5346250219495912,0.31295676397430455,,Culture,Culture - ThAOA,Elling et al. (2017) Environmnental Microbiology,Data from original source,Data from original source; assumed GDGT-5 as Cren,No,No,Not reported; Assumed no brGDGTs (Cultures),No,No,Pass,Pass,Elling et al. (2017),Felix,https://doi.org/10.1111/1462-2920.13759,"GTDB Release 214.1; NCBI (retrieved from February 21, 2024)",0.9205754766303343,3.64075271003031,0.9101881775075775,0.9078668351866815,0.12399772164218134,0.0324434001327038,3.6947214541295574,0.053968744099247346
RR00059,Elling2017_culture_ThAOA_totalGDGTs_Nitrososphaera gargensis Ga9.2_46degC_pH7.8_stationaryPhase,Ga9.2,Candidatus Nitrososphaera gargensis Ga9.2,15.0,p__Thermoproteota,c__Nitrososphaeria,o__Nitrososphaerales,f__Nitrososphaeraceae,g__Nitrososphaera,,p__Nitrososphaerota,c__Nitrososphaeria,o__Nitrososphaerales,f__Nitrososphaeraceae,g__Nitrososphaera,,Terrestrial thermophile,Group 1.1b,Group 1.1b-Nitrososphaera,sequenced,,,RR_culture_059,46,,7.8,,,,,Stationary Phase,culture-temperature,Total GDGTs,Total GDGTs (Hydrolysed TLEs),,93.88915130036166,1.2145375847743916,1.0502700919753882,0.2676146316514053,0.8949832022032623,57.30172259056597,28.962129373726874,4.197893825464356,,,,,,,,,0.013541315162342497,0.011709837965749748,0.002983731516154794,0.009978488733461556,0.6388774581135015,0.3229091685087899,,Culture,Culture - ThAOA,Elling et al. (2017) Environmnental Microbiology,Data from original source,Data from original source; assumed GDGT-5 as Cren,No,No,Not reported; Assumed no brGDGTs (Cultures),No,No,Pass,Pass,Elling et al. (2017),Felix,https://doi.org/10.1111/1462-2920.13759,"GTDB Release 214.1; NCBI (retrieved from February 21, 2024)",0.9663104993439625,3.8947592736876095,0.9736898184219024,0.2990163737068962,0.02501073648049072,0.013541315162342497,3.9460107728978446,0.051251499210235085
RR00061,Pearson2008_027_Pure Cultures-Acidilobus saccharovorans 345-15_T82_pH3.5,345-15,Acidilobus saccharovorans 345-15,21.0,p__Thermoproteota,c__Thermoprotei_A,o__Sulfolobales,f__Acidilobaceae,g__Acidilobus,s_Acidilobus saccharovorans,p__Thermoproteota,c__Thermoprotei,o__Acidilobales,f__Acidilobaceae,g__Acidilobus,s_Acidilobus saccharovorans,Terrestrial thermoacidophile,Acidilobaceae,Acidilobaceae,sequenced,mixture of water and mud from an acidic terrestrial hot pool,"Katchatka, Orange Thermal Field",RR_culture_061,82,,3.5,,,,,,culture-temperature,Total GDGTs,Total GDGTs; Acid hydrolyzed TLEs (CLs + cleaved IPLs),,1.0,0.0,0.0,0.0,0.01,0.0,0.0,0.14,0.54,,,0.27,0.02,0.02,,,0.0,0.0,0.0,1.0,0.0,0.0,,Culture,Culture - Hot spring,Pearson et al. (2008) Applied and Environmental Microbiology,Data from original source,Data from original source,No,No,Not reported; assumed low (discussed in text),,Yes,,Fail,Pearson et al. (2008),Ann,https://doi.org/10.1128/AEM.02450-07,"GTDB Release 214.1; NCBI (retrieved from February 21, 2024)",1.0,3.0,0.75,0.0,1.0,0.0,4.14,1.1399999999999997
RR00062,Pearson2008_028_Pure Cultures-Metallosphaera sedula DSM 5348_T75_[H4.5,DSM 5348,Metallosphaera sedula DSM 5348,18.0,p__Thermoproteota,c__Thermoprotei_A,o__Sulfolobales,f__Sulfolobaceae,g__Metallosphaera,,p__Thermoproteota,c__Thermoprotei,o__Sulfolobales,f__Sulfolobaceae,g__Metallosphaera,,Terrestrial thermoacidophile,Sulfolobaceae,Sulfolobaceae,sequenced,,,RR_culture_062,75,,4.5,,,,,,culture-temperature,Total GDGTs,Total GDGTs; Acid hydrolyzed TLEs (CLs + cleaved IPLs),,1.0,0.07,0.15,0.23,0.25,0.0,0.0,0.26,0.0,,,0.04,0.0,0.0,,,0.10000000000000002,0.2142857142857143,0.3285714285714286,0.35714285714285715,0.0,0.0,,Culture,Culture - Hot spring,Pearson et al. (2008) Applied and Environmental Microbiology,Data from original source,Data from original source,No,No,Not reported; assumed low (discussed in text),Yes,Yes,Fail,Fail,Pearson et al. (2008),Ann,https://doi.org/10.1128/AEM.02450-07,"GTDB Release 214.1; NCBI (retrieved from February 21, 2024)",0.7619047619047618,1.942857142857143,0.48571428571428577,0.9200000000000002,1.0,0.10000000000000002,2.930589569160997,0.9877324263038538
RR00063,Pearson2008_029_Pure Cultures-Sulfolobus solfataricus P2_T85_pH4.5,P2,Sulfolobus solfataricus P2,19.0,p__Thermoproteota,c__Thermoprotei_A,o__Sulfolobales,f__Sulfolobaceae,g__Saccharolobus,,p__Thermoproteota,c__Thermoprotei,o__Sulfolobales,f__Sulfolobaceae,g__Saccharolobus,,Terrestrial thermoacidophile,Sulfolobaceae,Sulfolobaceae,sequenced,,,RR_culture_063,85,,4.5,,,,,,culture-temperature,Total GDGTs,Total GDGTs; Acid hydrolyzed TLEs (CLs + cleaved IPLs),,1.0,0.0,0.01,0.04,0.14,0.0,0.0,0.31,0.15,,,0.27,0.08,0.0,,,0.0,0.05263157894736842,0.21052631578947367,0.736842105263158,0.0,0.0,,Culture,Culture - Hot spring,Pearson et al. (2008) Applied and Environmental Microbiology,Data from original source,Data from original source,No,No,Not reported; assumed low (discussed in text),,Yes,,Fail,Pearson et al. (2008),Ann,https://doi.org/10.1128/AEM.02450-07,"GTDB Release 214.1; NCBI (retrieved from February 21, 2024)",0.9473684210526316,2.68421052631579,0.6710526315789475,0.2857142857142857,1.0,0.0,3.8402493074792243,1.1560387811634345
RR00064,Pearson2008_030_Pure Cultures-Vulcanisaeta moutnovskia 768-28_T85_pH4.5,768-28,Vulcanisaeta moutnovskia 768-28,23.0,p__Thermoproteota,c__Thermoprotei,o__Thermoproteales,f__Thermocladiaceae,g__Vulcanisaeta,,p__Thermoproteota,c__Thermoprotei,o__Thermoproteales,f__Thermoproteaceae,g__Vulcanisaeta,,Terrestrial hyperthermophilic,Thermoproteaceae,Thermoproteaceae,sequenced,,,RR_culture_064,85,,4.5,,,,,,culture-temperature,Total GDGTs,Total GDGTs; Acid hydrolyzed TLEs (CLs + cleaved IPLs),,1.0,0.04,0.03,0.06,0.14,0.0,0.0,0.54,0.02,,,0.15,0.0,0.02,,,0.14814814814814814,0.1111111111111111,0.2222222222222222,0.5185185185185185,0.0,0.0,,Culture,Culture - Hot spring,Pearson et al. (2008) Applied and Environmental Microbiology,Data from original source,Data from original source,No,No,Not reported; assumed low (discussed in text),Yes,Yes,Fail,Fail,Pearson et al. (2008),Ann,https://doi.org/10.1128/AEM.02450-07,"GTDB Release 214.1; NCBI (retrieved from February 21, 2024)",0.8695652173913043,2.1111111111111107,0.5277777777777777,0.42857142857142855,1.0,0.14814814814814814,3.430831758034026,1.3197206469229155
RR00065,Pearson2008_034_Pure Cultures-Thermoproteus uzoniensis Z-605_T85_5.5,DSM 5263; Z-605 (768-20),Thermoproteus uzoniensis Z-605,22.0,p__Thermoproteota,c__Thermoprotei,o__Thermoproteales,f__Thermoproteaceae,g__Thermoproteus,,p__Thermoproteota,c__Thermoprotei,o__Thermoproteales,f__Thermoproteaceae,g__Thermoproteus,,Terrestrial thermoacidophile,Thermoproteaceae,Thermoproteaceae,sequenced,,,RR_culture_065,85,,5.5,,,,,,culture-temperature,Total GDGTs,Total GDGTs; Acid hydrolyzed TLEs (CLs + cleaved IPLs),,1.0,0.05,0.02,0.06,0.08,0.0,0.0,0.62,0.02,,,0.15,0.0,0.0,,,0.23809523809523808,0.09523809523809523,0.2857142857142857,0.38095238095238093,0.0,0.0,,Culture,Culture - Hot spring,Pearson et al. (2008) Applied and Environmental Microbiology,Data from original source,Data from original source,No,No,Not reported; assumed low (discussed in text),Yes,Yes,Fail,Fail,Pearson et al. (2008),Ann,https://doi.org/10.1128/AEM.02450-07,"GTDB Release 214.1; NCBI (retrieved from February 21, 2024)",0.875,1.8095238095238093,0.45238095238095233,0.75,1.0,0.23809523809523808,3.458125,1.6486011904761906
RR00066,Pearson2008_032_Pure Cultures-Desulfurococcus fermentans Z-1312_T85_pH6.0,DSM 16532,Desulfurococcus amylolyticus DSM 16532,20.0,p__Thermoproteota,c__Thermoprotei_A,o__Sulfolobales,f__Desulfurococcaceae,g__Desulfurococcus,,p__Thermoproteota,c__Thermoprotei,o__Desulfurococcales,f__Desulfurococcaceae,g__Desulfurococcus,,Terrestrial hyperthermophilic,Desulfurococcaceae,Desulfurococcaceae,sequenced,,,RR_culture_066,85,,6.0,,,,,,culture-temperature,Total GDGTs,Total GDGTs; Acid hydrolyzed TLEs (CLs + cleaved IPLs),,1.0,0.09,0.1,0.19,0.3,0.0,0.0,0.32,0.0,,,0.0,0.0,0.0,,,0.1323529411764706,0.1470588235294118,0.27941176470588236,0.44117647058823534,0.0,0.0,,Culture,Culture - Hot spring,Pearson et al. (2008) Applied and Environmental Microbiology,Data from original source,Data from original source,No,No,Not reported; assumed low (discussed in text),Yes,Yes,Fail,Fail,Pearson et al. (2008),Ann,https://doi.org/10.1128/AEM.02450-07,"GTDB Release 214.1; NCBI (retrieved from February 21, 2024)",0.8305084745762713,2.0294117647058827,0.5073529411764707,0.6333333333333333,1.0,0.1323529411764706,3.2404596380350474,1.2110478733291647
RR00067,Pearson2008_033_Pure Cultures-Desulfurococcus amylolyticus Z-533_T85_6.5,Z-533 (or DSM 3822),Desulfurococcus amylolyticus Z-533,20.0,p__Thermoproteota,c__Thermoprotei_A,o__Sulfolobales,f__Desulfurococcaceae,g__Desulfurococcus,,p__Thermoproteota,c__Thermoprotei,o__Desulfurococcales,f__Desulfurococcaceae,g__Desulfurococcus,,Terrestrial hyperthermophilic,Desulfurococcaceae,Desulfurococcaceae,sequenced,,,RR_culture_067,85,,6.5,,,,,,culture-temperature,Total GDGTs,Total GDGTs; Acid hydrolyzed TLEs (CLs + cleaved IPLs),,1.0,0.08,0.06,0.11,0.2,0.0,0.0,0.55,0.0,,,0.0,0.0,0.0,,,0.17777777777777778,0.13333333333333333,0.24444444444444444,0.4444444444444445,0.0,0.0,,Culture,Culture - Hot spring,Pearson et al. (2008) Applied and Environmental Microbiology,Data from original source,Data from original source,No,No,Not reported; assumed low (discussed in text),Yes,Yes,Fail,Fail,Pearson et al. (2008),Ann,https://doi.org/10.1128/AEM.02450-07,"GTDB Release 214.1; NCBI (retrieved from February 21, 2024)",0.8378378378378378,1.9555555555555557,0.48888888888888893,0.5499999999999999,1.0,0.17777777777777778,3.2754127100073043,1.3198571544517486
RR00068,Pitcher2010_001_ThAOA cultures-Candidatus Nitrososphaera gargensis-Ga9.2_46a,Ga9.2,Candidatus Nitrososphaera gargensis Ga9.2,15.0,p__Thermoproteota,c__Nitrososphaeria,o__Nitrososphaerales,f__Nitrososphaeraceae,g__Nitrososphaera,,p__Nitrososphaerota,c__Nitrososphaeria,o__Nitrososphaerales,f__Nitrososphaeraceae,g__Nitrososphaera,,Terrestrial thermophile,Group 1.1b,Group 1.1b-Nitrososphaera,sequenced,,,RR_culture_068,46,,7.8,,,,,,culture-temperature,Total GDGTs,Total GDGTs; Acid hydrolyzed TLEs (CLs + cleaved IPLs),,88.89,0.1,0.12,0.15,0.32,65.0,21.0,2.2,,,,,,,,,0.0011535355865728459,0.0013842427038874149,0.0017303033798592687,0.0036913138770331066,0.7497981312723497,0.24224247318029762,,Culture,Culture - ThAOA,Pitcher et al. (2010) ISME,Data from original source,Data from original source,No,No,Not reported,No,No,Pass,Pass,Pitcher et al. (2010),Angela,https://doi.org/10.1038/ismej.2009.138,"GTDB Release 214.1; NCBI (retrieved from February 21, 2024)",0.9944418712366837,3.9840812089052946,0.9960203022263237,0.46875,0.00681371982907957,0.0011535355865728459,4.107476348239894,0.12339513933459934
RR00069,Pitcher2010_002_ThAOA cultures-Candidatus Nitrososphaera gargensis-Ga9.2_42,Ga9.2,Candidatus Nitrososphaera gargensis Ga9.2,15.0,p__Thermoproteota,c__Nitrososphaeria,o__Nitrososphaerales,f__Nitrososphaeraceae,g__Nitrososphaera,,p__Nitrososphaerota,c__Nitrososphaeria,o__Nitrososphaerales,f__Nitrososphaeraceae,g__Nitrososphaera,,Terrestrial thermophile,Group 1.1b,Group 1.1b-Nitrososphaera,sequenced,,,RR_culture_069,42,,7.8,,,,,,culture-temperature,Total GDGTs,Total GDGTs; Acid hydrolyzed TLEs (CLs + cleaved IPLs),,96.27,0.32,0.38,0.47,1.0,69.0,24.0,1.1,,,,,,,,,0.003362404118945046,0.0039928548912472415,0.004938531049700536,0.010507512871703267,0.7250183881475255,0.25218030892087845,,Culture,Culture - ThAOA,Pitcher et al. (2010) ISME,Data from original source,Data from original source,No,No,Not reported,No,No,Pass,Pass,Pitcher et al. (2010),Angela,https://doi.org/10.1038/ismej.2009.138,"GTDB Release 214.1; NCBI (retrieved from February 21, 2024)",0.9852998065764024,3.9541872438793737,0.9885468109698434,0.47000000000000003,0.019504480759093307,0.003362404118945046,4.054427302283297,0.10024005840392292
RR00070,Pitcher2010_003_ThAOA cultures-Candidatus Nitrososphaera gargensis-Ga9.2_50,Ga9.2,Candidatus Nitrososphaera gargensis Ga9.2,15.0,p__Thermoproteota,c__Nitrososphaeria,o__Nitrososphaerales,f__Nitrososphaeraceae,g__Nitrososphaera,,p__Nitrososphaerota,c__Nitrososphaeria,o__Nitrososphaerales,f__Nitrososphaeraceae,g__Nitrososphaera,,Terrestrial thermophile,Group 1.1b,Group 1.1b-Nitrososphaera,sequenced,,,RR_culture_070,50,,7.8,,,,,,culture-temperature,Total GDGTs,Total GDGTs; Acid hydrolyzed TLEs (CLs + cleaved IPLs),,93.28,0.1,0.13,0.17,0.38,70.0,21.0,1.5,,,,,,,,,0.001089561996077577,0.00141643059490085,0.0018522553933318807,0.004140335585094792,0.7626933972543037,0.22880801917629112,,Culture,Culture - ThAOA,Pitcher et al. (2010) ISME,Data from original source,Data from original source,No,No,Not reported,No,No,Pass,Pass,Pitcher et al. (2010),Angela,https://doi.org/10.1038/ismej.2009.138,"GTDB Release 214.1; NCBI (retrieved from February 21, 2024)",0.9940036900369004,3.9835476138592285,0.9958869034648071,0.4473684210526316,0.007417102966841187,0.001089561996077577,4.104921033550742,0.12137341969151327
RR00071,Pitcher2010_004_ThAOA cultures-Candidatus Nitrososphaera gargensis-Ga9.2_46,Ga9.2,Candidatus Nitrososphaera gargensis Ga9.2,15.0,p__Thermoproteota,c__Nitrososphaeria,o__Nitrososphaerales,f__Nitrososphaeraceae,g__Nitrososphaera,,p__Nitrososphaerota,c__Nitrososphaeria,o__Nitrososphaerales,f__Nitrososphaeraceae,g__Nitrososphaera,,Terrestrial thermophile,Group 1.1b,Group 1.1b-Nitrososphaera,sequenced,,,RR_culture_071,46,,7.8,,,,,,culture-temperature,Total GDGTs,Total GDGTs; Acid hydrolyzed TLEs (CLs + cleaved IPLs),,86.81,0.12,0.14,0.17,0.38,65.0,19.0,2.0,,,,,,,,,0.0014149274849663955,0.0016507487324607948,0.0020044806037023935,0.004480603702393586,0.7664190543567976,0.2240301851196793,,Culture,Culture - ThAOA,Pitcher et al. (2010) ISME,Data from original source,Data from original source,No,No,Not reported,No,No,Pass,Pass,Pitcher et al. (2010),Angela,https://doi.org/10.1038/ismej.2009.138,"GTDB Release 214.1; NCBI (retrieved from February 21, 2024)",0.9928897917724734,3.980898478952954,0.9952246197382385,0.4473684210526316,0.008147360963513992,0.0014149274849663955,4.0984309205070675,0.11753244155411346
RR00072,Qin2015_001_Nitrosopumilus maritimus SCM1_Culture_T15,SCM1,Nitrosopumilus maritimus SCM1,7.0,p__Thermoproteota,c__Nitrososphaeria,o__Nitrososphaerales,f__Nitrosopumilaceae,g__Nitrosopumilus,s__Nitrosopumilus maritimus,p__Nitrososphaerota,c__Nitrososphaeria,o__Nitrosopumilales,f__Nitrosopumilaceae,g__Nitrosopumilus,s__Nitrosopumilus maritimus,Marine mesophile,Group 1.1a,Group 1.1a-Nitrosopumilus,sequenced,a tropical marine fish tank at the Seattle Aquarium in Seattle,Washington,RR_culture_072,15,,,,,,,,culture-temperature,Total GDGTs,Total GDGTs; Acid hydrolyzed TLEs (CLs + cleaved IPLs),0.22,100.0,27.86,15.47,8.57,4.28,43.67,0.15,,,,,,,,,,0.2786,0.1547,0.0857,0.042800000000000005,0.43670000000000003,0.0015,,Culture,Culture - AOA,Qin et al. (2015) PNAS,Data from original source,Data from original source,No,No,Not reported,No,No,Pass,Pass,Qin et al. (2015),Wei,https://doi.org/10.1073/pnas.1501568112,"GTDB Release 214.1; NCBI (retrieved from February 21, 2024)",0.45662100456621,2.2073,0.551825,2.0023364485981308,0.39257000277238707,0.2786,1.9306309292967203,-0.27666907070327973
RR00073,Qin2015_002_Nitrosopumilus maritimus SCM1_Culture_T20,SCM1,Nitrosopumilus maritimus SCM1,7.0,p__Thermoproteota,c__Nitrososphaeria,o__Nitrososphaerales,f__Nitrosopumilaceae,g__Nitrosopumilus,s__Nitrosopumilus maritimus,p__Nitrososphaerota,c__Nitrososphaeria,o__Nitrosopumilales,f__Nitrosopumilaceae,g__Nitrosopumilus,s__Nitrosopumilus maritimus,Marine mesophile,Group 1.1a,Group 1.1a-Nitrosopumilus,sequenced,a tropical marine fish tank at the Seattle Aquarium in Seattle,Washington,RR_culture_073,20,,,,,,,,culture-temperature,Total GDGTs,Total GDGTs; Acid hydrolyzed TLEs (CLs + cleaved IPLs),0.22,100.0,22.76,13.91,10.84,4.26,47.99,0.24,,,,,,,,,,0.22760000000000002,0.1391,0.1084,0.0426,0.4799,0.0024,,Culture,Culture - AOA,Qin et al. (2015) PNAS,Data from original source,Data from original source,No,No,Not reported,No,No,Pass,Pass,Qin et al. (2015),Wei,https://doi.org/10.1073/pnas.1501568112,"GTDB Release 214.1; NCBI (retrieved from February 21, 2024)",0.5244444444444444,2.4128999999999996,0.6032249999999999,2.544600938967136,0.3755825996892802,0.22760000000000002,2.099317135802469,-0.3135828641975307
RR00074,Qin2015_003_Nitrosopumilus maritimus SCM1_Culture_T25,SCM1,Nitrosopumilus maritimus SCM1,7.0,p__Thermoproteota,c__Nitrososphaeria,o__Nitrososphaerales,f__Nitrosopumilaceae,g__Nitrosopumilus,s__Nitrosopumilus maritimus,p__Nitrososphaerota,c__Nitrososphaeria,o__Nitrosopumilales,f__Nitrosopumilaceae,g__Nitrosopumilus,s__Nitrosopumilus maritimus,Marine mesophile,Group 1.1a,Group 1.1a-Nitrosopumilus,sequenced,a tropical marine fish tank at the Seattle Aquarium in Seattle,Washington,RR_culture_074,25,,,,,,,,culture-temperature,Total GDGTs,Total GDGTs; Acid hydrolyzed TLEs (CLs + cleaved IPLs),0.22,100.0,21.62,12.02,7.32,4.76,53.91,0.37,,,,,,,,,,0.2162,0.1202,0.0732,0.047599999999999996,0.5390999999999999,0.0037,,Culture,Culture - AOA,Qin et al. (2015) PNAS,Data from original source,Data from original source,No,No,Not reported,No,No,Pass,Pass,Qin et al. (2015),Wei,https://doi.org/10.1073/pnas.1501568112,"GTDB Release 214.1; NCBI (retrieved from February 21, 2024)",0.5087862689006946,2.5805999999999996,0.6451499999999999,1.5378151260504203,0.3074763970400613,0.2162,2.0576612847871396,-0.52293871521286
RR00075,Qin2015_004_Nitrosopumilus maritimus SCM1_Culture_T30,SCM1,Nitrosopumilus maritimus SCM1,7.0,p__Thermoproteota,c__Nitrososphaeria,o__Nitrososphaerales,f__Nitrosopumilaceae,g__Nitrosopumilus,s__Nitrosopumilus maritimus,p__Nitrososphaerota,c__Nitrososphaeria,o__Nitrosopumilales,f__Nitrosopumilaceae,g__Nitrosopumilus,s__Nitrosopumilus maritimus,Marine mesophile,Group 1.1a,Group 1.1a-Nitrosopumilus,sequenced,a tropical marine fish tank at the Seattle Aquarium in Seattle,Washington,RR_culture_075,30,,,,,,,,culture-temperature,Total GDGTs,Total GDGTs; Acid hydrolyzed TLEs (CLs + cleaved IPLs),0.22,99.99999999999999,13.47,9.63,9.37,4.37,62.58,0.58,,,,,,,,,,0.13470000000000001,0.09630000000000002,0.0937,0.04370000000000001,0.6258,0.0058000000000000005,,Culture,Culture - AOA,Qin et al. (2015) PNAS,Data from original source,Data from original source,No,No,Not reported,No,No,Pass,Pass,Qin et al. (2015),Wei,https://doi.org/10.1073/pnas.1501568112,"GTDB Release 214.1; NCBI (retrieved from February 21, 2024)",0.5979123173277662,2.9412000000000003,0.7353000000000001,2.1441647597254003,0.27007974113024386,0.13470000000000001,2.316504657842321,-0.6246953421576791
RR00076,Qin2015_005_Nitrosopumilus maritimus SCM1_Culture_T33,SCM1,Nitrosopumilus maritimus SCM1,7.0,p__Thermoproteota,c__Nitrososphaeria,o__Nitrososphaerales,f__Nitrosopumilaceae,g__Nitrosopumilus,s__Nitrosopumilus maritimus,p__Nitrososphaerota,c__Nitrososphaeria,o__Nitrosopumilales,f__Nitrosopumilaceae,g__Nitrosopumilus,s__Nitrosopumilus maritimus,Marine mesophile,Group 1.1a,Group 1.1a-Nitrosopumilus,sequenced,a tropical marine fish tank at the Seattle Aquarium in Seattle,Washington,RR_culture_076,33,,,,,,,,culture-temperature,Total GDGTs,Total GDGTs; Acid hydrolyzed TLEs (CLs + cleaved IPLs),0.22,100.0,6.04,6.14,11.97,3.56,71.73,0.56,,,,,,,,,,0.0604,0.061399999999999996,0.1197,0.0356,0.7173,0.005600000000000001,,Culture,Culture - AOA,Qin et al. (2015) PNAS,Data from original source,Data from original source,No,No,Not reported,No,No,Pass,Pass,Qin et al. (2015),Wei,https://doi.org/10.1073/pnas.1501568112,"GTDB Release 214.1; NCBI (retrieved from February 21, 2024)",0.7237966711650923,3.2992000000000004,0.8248000000000001,3.3623595505617976,0.23063005534269898,0.0604,2.7719635455525795,-0.5272364544474208
RR00077,Qin2015_006_Nitrosopumilus maritimus SCM1_Culture_T35,SCM1,Nitrosopumilus maritimus SCM1,7.0,p__Thermoproteota,c__Nitrososphaeria,o__Nitrososphaerales,f__Nitrosopumilaceae,g__Nitrosopumilus,s__Nitrosopumilus maritimus,p__Nitrososphaerota,c__Nitrososphaeria,o__Nitrosopumilales,f__Nitrosopumilaceae,g__Nitrosopumilus,s__Nitrosopumilus maritimus,Marine mesophile,Group 1.1a,Group 1.1a-Nitrosopumilus,sequenced,a tropical marine fish tank at the Seattle Aquarium in Seattle,Washington,RR_culture_077,35,,,,,,,,culture-temperature,Total GDGTs,Total GDGTs; Acid hydrolyzed TLEs (CLs + cleaved IPLs),0.22,99.99000000000001,5.78,4.71,11.26,3.49,73.91,0.84,,,,,,,,,,0.057805780578057804,0.0471047104710471,0.1126112611261126,0.0349034903490349,0.7391739173917391,0.0084008400840084,,Culture,Culture - AOA,Qin et al. (2015) PNAS,Data from original source,Data from original source,No,No,Not reported,No,No,Pass,Pass,Qin et al. (2015),Wei,https://doi.org/10.1073/pnas.1501568112,"GTDB Release 214.1; NCBI (retrieved from February 21, 2024)",0.7679802955665025,3.3673367336733673,0.8418341834183418,3.2263610315186244,0.20655981318331385,0.057805780578057804,2.9567703705501227,-0.41056636312324457
RR00078,Qin2015_007_Nitrosopumilus cobalaminigenes HCA1_Culture_T10,HCA1,Nitrosopumilus cobalaminigenes HCA1,2.0,p__Thermoproteota,c__Nitrososphaeria,o__Nitrososphaerales,f__Nitrosopumilaceae,g__Nitrosopumilus,,p__Nitrososphaerota,c__Nitrososphaeria,o__Nitrosopumilales,f__Nitrosopumilaceae,g__Nitrosopumilus,,Marine mesophile,Group 1.1a,Group 1.1a-Nitrosopumilus,sequenced,,,RR_culture_078,10,,,,,,,,culture-temperature,Total GDGTs,Total GDGTs; Acid hydrolyzed TLEs (CLs + cleaved IPLs),0.22,100.0,59.34,4.04,2.09,1.71,32.51,0.31,,,,,,,,,,0.5934,0.0404,0.0209,0.0171,0.3251,0.0031,,Culture,Culture - AOA,Qin et al. (2015) PNAS,Data from original source,Data from original source,No,No,Not reported,No,No,Pass,Pass,Qin et al. (2015),Wei,https://doi.org/10.1073/pnas.1501568112,"GTDB Release 214.1; NCBI (retrieved from February 21, 2024)",0.5042944785276073,1.4463,0.361575,1.222222222222222,0.1928184948352189,0.5934,2.0460121494975345,0.5997121494975346
RR00079,Qin2015_008_Nitrosopumilus cobalaminigenes HCA1_Culture_T15,HCA1,Nitrosopumilus cobalaminigenes HCA1,2.0,p__Thermoproteota,c__Nitrososphaeria,o__Nitrososphaerales,f__Nitrosopumilaceae,g__Nitrosopumilus,,p__Nitrososphaerota,c__Nitrososphaeria,o__Nitrosopumilales,f__Nitrosopumilaceae,g__Nitrosopumilus,,Marine mesophile,Group 1.1a,Group 1.1a-Nitrosopumilus,sequenced,,,RR_culture_079,15,,,,,,,,culture-temperature,Total GDGTs,Total GDGTs; Acid hydrolyzed TLEs (CLs + cleaved IPLs),0.22,100.0,57.6,3.34,1.88,1.71,35.17,0.3,,,,,,,,,,0.5760000000000001,0.0334,0.018799999999999997,0.0171,0.3517,0.003,,Culture,Culture - AOA,Qin et al. (2015) PNAS,Data from original source,Data from original source,No,No,Not reported,No,No,Pass,Pass,Qin et al. (2015),Wei,https://doi.org/10.1073/pnas.1501568112,"GTDB Release 214.1; NCBI (retrieved from February 21, 2024)",0.5380359612724759,1.5411000000000001,0.38527500000000003,1.0994152046783623,0.16344339622641507,0.5760000000000001,2.136794859286552,0.5956948592865521
RR00080,Qin2015_009_Nitrosopumilus cobalaminigenes HCA1_Culture_T20,HCA1,Nitrosopumilus cobalaminigenes HCA1,2.0,p__Thermoproteota,c__Nitrososphaeria,o__Nitrososphaerales,f__Nitrosopumilaceae,g__Nitrosopumilus,,p__Nitrososphaerota,c__Nitrososphaeria,o__Nitrosopumilales,f__Nitrosopumilaceae,g__Nitrosopumilus,,Marine mesophile,Group 1.1a,Group 1.1a-Nitrosopumilus,sequenced,,,RR_culture_080,20,,,,,,,,culture-temperature,Total GDGTs,Total GDGTs; Acid hydrolyzed TLEs (CLs + cleaved IPLs),0.22,100.0,50.22,3.73,2.37,2.15,41.27,0.26,,,,,,,,,,0.5022,0.0373,0.023700000000000002,0.0215,0.4127,0.0026,,Culture,Culture - AOA,Qin et al. (2015) PNAS,Data from original source,Data from original source,No,No,Not reported,No,No,Pass,Pass,Qin et al. (2015),Wei,https://doi.org/10.1073/pnas.1501568112,"GTDB Release 214.1; NCBI (retrieved from February 21, 2024)",0.5616921269095183,1.8104,0.4526,1.102325581395349,0.16572920851747688,0.5022,2.2049505731143704,0.39455057311437036
RR00081,Qin2015_010_Nitrosopumilus cobalaminigenes HCA1_Culture_T25,HCA1,Nitrosopumilus cobalaminigenes HCA1,2.0,p__Thermoproteota,c__Nitrososphaeria,o__Nitrososphaerales,f__Nitrosopumilaceae,g__Nitrosopumilus,,p__Nitrososphaerota,c__Nitrososphaeria,o__Nitrosopumilales,f__Nitrosopumilaceae,g__Nitrosopumilus,,Marine mesophile,Group 1.1a,Group 1.1a-Nitrosopumilus,sequenced,,,RR_culture_081,25,,,,,,,,culture-temperature,Total GDGTs,Total GDGTs; Acid hydrolyzed TLEs (CLs + cleaved IPLs),0.22,100.0,38.09,4.52,2.71,2.54,51.78,0.36,,,,,,,,,,0.3809,0.0452,0.0271,0.0254,0.5178,0.0036,,Culture,Culture - AOA,Qin et al. (2015) PNAS,Data from original source,Data from original source,No,No,Not reported,No,No,Pass,Pass,Qin et al. (2015),Wei,https://doi.org/10.1073/pnas.1501568112,"GTDB Release 214.1; NCBI (retrieved from February 21, 2024)",0.5538005923000986,2.2612000000000005,0.5653000000000001,1.0669291338582678,0.15780972379260216,0.3809,2.1818012627549646,-0.07939873724503599
RR00082,Qin2015_011_Nitrosopumilus cobalaminigenes HCA1_Culture_T30,HCA1,Nitrosopumilus cobalaminigenes HCA1,2.0,p__Thermoproteota,c__Nitrososphaeria,o__Nitrososphaerales,f__Nitrosopumilaceae,g__Nitrosopumilus,,p__Nitrososphaerota,c__Nitrososphaeria,o__Nitrosopumilales,f__Nitrosopumilaceae,g__Nitrosopumilus,,Marine mesophile,Group 1.1a,Group 1.1a-Nitrosopumilus,sequenced,,,RR_culture_082,30,,,,,,,,culture-temperature,Total GDGTs,Total GDGTs; Acid hydrolyzed TLEs (CLs + cleaved IPLs),0.22,100.0,27.23,3.95,1.97,1.45,64.9,0.5,,,,,,,,,,0.2723,0.0395,0.0197,0.014499999999999999,0.649,0.005,,Culture,Culture - AOA,Qin et al. (2015) PNAS,Data from original source,Data from original source,No,No,Not reported,No,No,Pass,Pass,Qin et al. (2015),Wei,https://doi.org/10.1073/pnas.1501568112,"GTDB Release 214.1; NCBI (retrieved from February 21, 2024)",0.4980940279542565,2.7384,0.6846,1.3586206896551725,0.1012779991754844,0.2723,2.030151831945092,-0.708248168054908
RR00083,Qin2015_012_Nitrosopumilus oxyclinae HCE1_Culture_T10,HCE1,Nitrosopumilus oxyclinae HCE1,1.0,p__Thermoproteota,c__Nitrososphaeria,o__Nitrososphaerales,f__Nitrosopumilaceae,g__Nitrosopumilus,,p__Nitrososphaerota,c__Nitrososphaeria,o__Nitrosopumilales,f__Nitrosopumilaceae,g__Nitrosopumilus,,Marine mesophile,Group 1.1a,Group 1.1a-Nitrosopumilus,sequenced,,,RR_culture_083,10,,,,,,,,culture-temperature,Total GDGTs,Total GDGTs; Acid hydrolyzed TLEs (CLs + cleaved IPLs),0.22,100.0,56.92,2.98,1.34,1.25,37.39,0.12,,,,,,,,,,0.5692,0.0298,0.0134,0.0125,0.3739,0.0012,,Culture,Culture - AOA,Qin et al. (2015) PNAS,Data from original source,Data from original source,No,No,Not reported,No,No,Pass,Pass,Qin et al. (2015),Wei,https://doi.org/10.1073/pnas.1501568112,"GTDB Release 214.1; NCBI (retrieved from February 21, 2024)",0.47627416520210897,1.5945,0.398625,1.072,0.12929433611884866,0.5692,1.9763679998517425,0.38186799985174247
RR00084,Qin2015_013_Nitrosopumilus oxyclinae HCE1_Culture_T15,HCE1,Nitrosopumilus oxyclinae HCE1,1.0,p__Thermoproteota,c__Nitrososphaeria,o__Nitrososphaerales,f__Nitrosopumilaceae,g__Nitrosopumilus,,p__Nitrososphaerota,c__Nitrososphaeria,o__Nitrosopumilales,f__Nitrosopumilaceae,g__Nitrosopumilus,,Marine mesophile,Group 1.1a,Group 1.1a-Nitrosopumilus,sequenced,,,RR_culture_084,15,,,,,,,,culture-temperature,Total GDGTs,Total GDGTs; Acid hydrolyzed TLEs (CLs + cleaved IPLs),0.22,100.00000000000001,53.99,2.71,1.46,1.5,40.14,0.2,,,,,,,,,,0.5398999999999999,0.027099999999999996,0.014599999999999998,0.014999999999999998,0.4013999999999999,0.002,,Culture,Culture - AOA,Qin et al. (2015) PNAS,Data from original source,Data from original source,No,No,Not reported,No,No,Pass,Pass,Qin et al. (2015),Wei,https://doi.org/10.1073/pnas.1501568112,"GTDB Release 214.1; NCBI (retrieved from February 21, 2024)",0.5383304940374787,1.7148999999999996,0.4287249999999999,0.9733333333333334,0.12323407954792438,0.5398999999999999,2.1376205926824525,0.4227205926824529
RR00085,Qin2015_014_Nitrosopumilus oxyclinae HCE1_Culture_T20,HCE1,Nitrosopumilus oxyclinae HCE1,1.0,p__Thermoproteota,c__Nitrososphaeria,o__Nitrososphaerales,f__Nitrosopumilaceae,g__Nitrosopumilus,,p__Nitrososphaerota,c__Nitrososphaeria,o__Nitrosopumilales,f__Nitrosopumilaceae,g__Nitrosopumilus,,Marine mesophile,Group 1.1a,Group 1.1a-Nitrosopumilus,sequenced,,,RR_culture_085,20,,,,,,,,culture-temperature,Total GDGTs,Total GDGTs; Acid hydrolyzed TLEs (CLs + cleaved IPLs),0.22,99.99,48.33,2.9,1.53,1.58,45.42,0.23,,,,,,,,,,0.48334833483348333,0.029002900290029002,0.015301530153015303,0.015801580158015804,0.4542454245424543,0.0023002300230023005,,Culture,Culture - AOA,Qin et al. (2015) PNAS,Data from original source,Data from original source,No,No,Not reported,No,No,Pass,Pass,Qin et al. (2015),Wei,https://doi.org/10.1073/pnas.1501568112,"GTDB Release 214.1; NCBI (retrieved from February 21, 2024)",0.5352564102564104,1.9331933193319335,0.4832983298329834,0.9683544303797468,0.11633759194734802,0.48334833483348333,2.129030654174885,0.19583733484295163
RR00086,Qin2015_015_Nitrosopumilus oxyclinae HCE1_Culture_T22,HCE1,Nitrosopumilus oxyclinae HCE1,1.0,p__Thermoproteota,c__Nitrososphaeria,o__Nitrososphaerales,f__Nitrosopumilaceae,g__Nitrosopumilus,,p__Nitrososphaerota,c__Nitrososphaeria,o__Nitrosopumilales,f__Nitrosopumilaceae,g__Nitrosopumilus,,Marine mesophile,Group 1.1a,Group 1.1a-Nitrosopumilus,sequenced,,,RR_culture_086,22,,,,,,,,culture-temperature,Total GDGTs,Total GDGTs; Acid hydrolyzed TLEs (CLs + cleaved IPLs),0.22,100.0,43.96,3.36,1.41,1.32,49.78,0.17,,,,,,,,,,0.4396,0.0336,0.0141,0.0132,0.4978,0.0017000000000000001,,Culture,Culture - AOA,Qin et al. (2015) PNAS,Data from original source,Data from original source,No,No,Not reported,No,No,Pass,Pass,Qin et al. (2015),Wei,https://doi.org/10.1073/pnas.1501568112,"GTDB Release 214.1; NCBI (retrieved from February 21, 2024)",0.46325878594249204,2.0994,0.52485,1.0681818181818181,0.10867237687366166,0.4396,1.9457916279639478,-0.15360837203605238
RR00087,Qin2015_016_Nitrosopumilus oxyclinae HCE1_Culture_T25,HCE1,Nitrosopumilus oxyclinae HCE1,1.0,p__Thermoproteota,c__Nitrososphaeria,o__Nitrososphaerales,f__Nitrosopumilaceae,g__Nitrosopumilus,,p__Nitrososphaerota,c__Nitrososphaeria,o__Nitrosopumilales,f__Nitrosopumilaceae,g__Nitrosopumilus,,Marine mesophile,Group 1.1a,Group 1.1a-Nitrosopumilus,sequenced,,,RR_culture_087,25,,,,,,,,culture-temperature,Total GDGTs,Total GDGTs; Acid hydrolyzed TLEs (CLs + cleaved IPLs),0.22,100.0,38.81,3.78,1.46,0.96,54.65,0.34,,,,,,,,,,0.3881,0.0378,0.0146,0.0096,0.5465,0.0034000000000000002,,Culture,Culture - AOA,Qin et al. (2015) PNAS,Data from original source,Data from original source,No,No,Not reported,No,No,Pass,Pass,Qin et al. (2015),Wei,https://doi.org/10.1073/pnas.1501568112,"GTDB Release 214.1; NCBI (retrieved from February 21, 2024)",0.4220183486238532,2.2954,0.57385,1.5208333333333335,0.10132374571008335,0.3881,1.8563361669893106,-0.4390638330106893
RR00088,Qin2015_017_Nitrosopumilus ureiphilus PS0_Culture_T25,PS0,Nitrosopumilus ureiphilus PS0,4.0,p__Thermoproteota,c__Nitrososphaeria,o__Nitrososphaerales,f__Nitrosopumilaceae,g__Nitrosopumilus,s__Nitrosopumilus ureiphilus,p__Nitrososphaerota,c__Nitrososphaeria,o__Nitrosopumilales,f__Nitrosopumilaceae,g__Nitrosopumilus,s__Nitrosopumilus ureiphilus,Marine mesophile,Group 1.1a,Group 1.1a-Nitrosopumilus,sequenced,a nearshore marine surface sediment in Seattle,Washington,RR_culture_088,25,,,,,,,,culture-temperature,Total GDGTs,Total GDGTs; Acid hydrolyzed TLEs (CLs + cleaved IPLs),0.22,100.0,25.33,12.59,5.53,1.83,54.41,0.31,,,,,,,,,,0.25329999999999997,0.1259,0.0553,0.0183,0.5440999999999999,0.0031,,Culture,Culture - AOA,Qin et al. (2015) PNAS,Data from original source,Data from original source,No,No,Not reported,No,No,Pass,Pass,Qin et al. (2015),Wei,https://doi.org/10.1073/pnas.1501568112,"GTDB Release 214.1; NCBI (retrieved from February 21, 2024)",0.3785784797630799,2.4801999999999995,0.6200499999999999,3.021857923497268,0.267175572519084,0.25329999999999997,1.7743224995103146,-0.7058775004896849
RR00089,Qin2015_018_Nitrosopumilus maritimus SCM1_T30_oxy01,SCM1,Nitrosopumilus maritimus SCM1,7.0,p__Thermoproteota,c__Nitrososphaeria,o__Nitrososphaerales,f__Nitrosopumilaceae,g__Nitrosopumilus,s__Nitrosopumilus maritimus,p__Nitrososphaerota,c__Nitrososphaeria,o__Nitrosopumilales,f__Nitrosopumilaceae,g__Nitrosopumilus,s__Nitrosopumilus maritimus,Marine mesophile,Group 1.1a,Group 1.1a-Nitrosopumilus,sequenced,a tropical marine fish tank at the Seattle Aquarium in Seattle,Washington,RR_culture_089,30,,,1.0,,,,,culture-oxygen,Total GDGTs,Total GDGTs; Acid hydrolyzed TLEs (CLs + cleaved IPLs),,99.81,4.21,2.7,16.6,4.99,70.03,1.28,,,,,,,,,,0.042180142270313595,0.02705139765554554,0.16631600040076144,0.04999499048191564,0.7016331028955014,0.012824366295962328,,Culture,Culture - AOA,Qin et al. (2015) PNAS,Data from original source,Data from original source,No,No,Not reported,No,No,Pass,Pass,Qin et al. (2015),Wei,https://doi.org/10.1073/pnas.1501568112,"GTDB Release 214.1; NCBI (retrieved from February 21, 2024)",0.8944075087993743,3.3674982466686703,0.8418745616671676,3.3266533066132262,0.2540794979079498,0.042180142270313595,3.557189326989535,0.1896910803208649
RR00090,Qin2015_019_Nitrosopumilus maritimus SCM1_T30_oxy1,SCM1,Nitrosopumilus maritimus SCM1,7.0,p__Thermoproteota,c__Nitrososphaeria,o__Nitrososphaerales,f__Nitrosopumilaceae,g__Nitrosopumilus,s__Nitrosopumilus maritimus,p__Nitrososphaerota,c__Nitrososphaeria,o__Nitrosopumilales,f__Nitrosopumilaceae,g__Nitrosopumilus,s__Nitrosopumilus maritimus,Marine mesophile,Group 1.1a,Group 1.1a-Nitrosopumilus,sequenced,a tropical marine fish tank at the Seattle Aquarium in Seattle,Washington,RR_culture_090,30,,,11.0,,,,,culture-oxygen,Total GDGTs,Total GDGTs; Acid hydrolyzed TLEs (CLs + cleaved IPLs),,99.99000000000001,3.84,3.17,16.26,4.19,71.35,1.18,,,,,,,,,,0.0384038403840384,0.0317031703170317,0.1626162616261626,0.041904190419041906,0.7135713571357134,0.0118011801180118,,Culture,Culture - AOA,Qin et al. (2015) PNAS,Data from original source,Data from original source,No,No,Not reported,No,No,Pass,Pass,Qin et al. (2015),Wei,https://doi.org/10.1073/pnas.1501568112,"GTDB Release 214.1; NCBI (retrieved from February 21, 2024)",0.8721774193548388,3.3841384138413835,0.8460346034603459,3.8806682577565628,0.24565782631305255,0.0384038403840384,3.4439256438605623,0.05978723001917885
RR00091,Qin2015_020_Nitrosopumilus maritimus SCM1_T30_oxy5,SCM1,Nitrosopumilus maritimus SCM1,7.0,p__Thermoproteota,c__Nitrososphaeria,o__Nitrososphaerales,f__Nitrosopumilaceae,g__Nitrosopumilus,s__Nitrosopumilus maritimus,p__Nitrososphaerota,c__Nitrososphaeria,o__Nitrosopumilales,f__Nitrosopumilaceae,g__Nitrosopumilus,s__Nitrosopumilus maritimus,Marine mesophile,Group 1.1a,Group 1.1a-Nitrosopumilus,sequenced,a tropical marine fish tank at the Seattle Aquarium in Seattle,Washington,RR_culture_091,30,,,53.0,,,,,culture-oxygen,Total GDGTs,Total GDGTs; Acid hydrolyzed TLEs (CLs + cleaved IPLs),,99.96,7.81,6.84,14.84,4.3,65.28,0.89,,,,,,,,,,0.0781312525010004,0.06842737094837935,0.1484593837535014,0.0430172068827531,0.653061224489796,0.008903561424569828,,Culture,Culture - AOA,Qin et al. (2015) PNAS,Data from original source,Data from original source,No,No,Not reported,No,No,Pass,Pass,Qin et al. (2015),Wei,https://doi.org/10.1073/pnas.1501568112,"GTDB Release 214.1; NCBI (retrieved from February 21, 2024)",0.7454410122813546,3.1422569027611047,0.7855642256902762,3.4511627906976745,0.28193163320672815,0.0781312525010004,2.860875665809645,-0.2813812369514599
RR00092,Qin2015_021_Nitrosopumilus maritimus SCM1_T30_oxy10,SCM1,Nitrosopumilus maritimus SCM1,7.0,p__Thermoproteota,c__Nitrososphaeria,o__Nitrososphaerales,f__Nitrosopumilaceae,g__Nitrosopumilus,s__Nitrosopumilus maritimus,p__Nitrososphaerota,c__Nitrososphaeria,o__Nitrosopumilales,f__Nitrosopumilaceae,g__Nitrosopumilus,s__Nitrosopumilus maritimus,Marine mesophile,Group 1.1a,Group 1.1a-Nitrosopumilus,sequenced,a tropical marine fish tank at the Seattle Aquarium in Seattle,Washington,RR_culture_092,30,,,106.0,,,,,culture-oxygen,Total GDGTs,Total GDGTs; Acid hydrolyzed TLEs (CLs + cleaved IPLs),,99.92,8.95,7.04,13.43,4.16,65.72,0.62,,,,,,,,,,0.08957165732586068,0.07045636509207366,0.13440752602081665,0.041633306645316254,0.6577261809447558,0.006204963971176942,,Culture,Culture - AOA,Qin et al. (2015) PNAS,Data from original source,Data from original source,No,No,Not reported,No,No,Pass,Pass,Qin et al. (2015),Wei,https://doi.org/10.1073/pnas.1501568112,"GTDB Release 214.1; NCBI (retrieved from February 21, 2024)",0.7211881188118812,3.1198959167333866,0.7799739791833467,3.2283653846153846,0.27074859843904586,0.08957165732586068,2.761457993530046,-0.3584379232033408
RR00093,Qin2015_022_Nitrosopumilus maritimus SCM1_T30_oxy21,SCM1,Nitrosopumilus maritimus SCM1,7.0,p__Thermoproteota,c__Nitrososphaeria,o__Nitrososphaerales,f__Nitrosopumilaceae,g__Nitrosopumilus,s__Nitrosopumilus maritimus,p__Nitrososphaerota,c__Nitrososphaeria,o__Nitrosopumilales,f__Nitrosopumilaceae,g__Nitrosopumilus,s__Nitrosopumilus maritimus,Marine mesophile,Group 1.1a,Group 1.1a-Nitrosopumilus,sequenced,a tropical marine fish tank at the Seattle Aquarium in Seattle,Washington,RR_culture_093,30,,,213.0,,,,,culture-oxygen,Total GDGTs,Total GDGTs; Acid hydrolyzed TLEs (CLs + cleaved IPLs),,99.82000000000001,10.32,7.93,12.42,4.26,64.28,0.61,,,,,,,,,,0.1033860949709477,0.07944299739531155,0.12442396313364054,0.0426768182728912,0.6439591264275696,0.00611099979963935,,Culture,Culture - AOA,Qin et al. (2015) PNAS,Data from original source,Data from original source,No,No,Not reported,No,No,Pass,Pass,Qin et al. (2015),Wei,https://doi.org/10.1073/pnas.1501568112,"GTDB Release 214.1; NCBI (retrieved from February 21, 2024)",0.6855670103092782,3.056601883390102,0.7641504708475255,2.915492957746479,0.27497206703910615,0.1033860949709477,2.6225204591348703,-0.4340814242552318
RR00094,Qin2015_023_Nitrosopumilus ureiphilus PS0_T26_oxy01,PS0,Nitrosopumilus ureiphilus PS0,4.0,p__Thermoproteota,c__Nitrososphaeria,o__Nitrososphaerales,f__Nitrosopumilaceae,g__Nitrosopumilus,s__Nitrosopumilus ureiphilus,p__Nitrososphaerota,c__Nitrososphaeria,o__Nitrosopumilales,f__Nitrosopumilaceae,g__Nitrosopumilus,s__Nitrosopumilus ureiphilus,Marine mesophile,Group 1.1a,Group 1.1a-Nitrosopumilus,sequenced,a nearshore marine surface sediment in Seattle,Washington,RR_culture_094,26,,,1.0,,,,,culture-oxygen,Total GDGTs,Total GDGTs; Acid hydrolyzed TLEs (CLs + cleaved IPLs),,99.97,9.69,6.24,27.0,3.14,53.53,0.37,,,,,,,,,,0.09692907872361708,0.06241872561768531,0.2700810243072922,0.031409422826848055,0.5354606381914575,0.00370111033309993,,Culture,Culture - AOA,Qin et al. (2015) PNAS,Data from original source,Data from original source,No,No,Not reported,No,No,Pass,Pass,Qin et al. (2015),Wei,https://doi.org/10.1073/pnas.1501568112,"GTDB Release 214.1; NCBI (retrieved from February 21, 2024)",0.8302040816326531,2.8534560368110435,0.7133640092027609,8.598726114649681,0.40296854231280455,0.09692907872361708,3.2390157301124534,0.3855596933014098
RR00095,Qin2015_024_Nitrosopumilus ureiphilus PS0_T26_oxy02,PS0,Nitrosopumilus ureiphilus PS0,4.0,p__Thermoproteota,c__Nitrososphaeria,o__Nitrososphaerales,f__Nitrosopumilaceae,g__Nitrosopumilus,s__Nitrosopumilus ureiphilus,p__Nitrososphaerota,c__Nitrososphaeria,o__Nitrosopumilales,f__Nitrosopumilaceae,g__Nitrosopumilus,s__Nitrosopumilus ureiphilus,Marine mesophile,Group 1.1a,Group 1.1a-Nitrosopumilus,sequenced,a nearshore marine surface sediment in Seattle,Washington,RR_culture_095,26,,,2.0,,,,,culture-oxygen,Total GDGTs,Total GDGTs; Acid hydrolyzed TLEs (CLs + cleaved IPLs),,99.95,9.44,7.31,25.58,3.48,53.78,0.36,,,,,,,,,,0.0944472236118059,0.07313656828414207,0.25592796398199097,0.034817408704352175,0.5380690345172586,0.003601800900450225,,Culture,Culture - AOA,Qin et al. (2015) PNAS,Data from original source,Data from original source,No,No,Not reported,No,No,Pass,Pass,Qin et al. (2015),Wei,https://doi.org/10.1073/pnas.1501568112,"GTDB Release 214.1; NCBI (retrieved from February 21, 2024)",0.8009801252382249,2.856128064032016,0.714032016008004,7.350574712643677,0.4018340514860236,0.0944472236118059,3.10325491817502,0.24712685414300406
RR00096,Qin2015_025_Nitrosopumilus ureiphilus PS0_T26_oxy05,PS0,Nitrosopumilus ureiphilus PS0,4.0,p__Thermoproteota,c__Nitrososphaeria,o__Nitrososphaerales,f__Nitrosopumilaceae,g__Nitrosopumilus,s__Nitrosopumilus ureiphilus,p__Nitrososphaerota,c__Nitrososphaeria,o__Nitrosopumilales,f__Nitrosopumilaceae,g__Nitrosopumilus,s__Nitrosopumilus ureiphilus,Marine mesophile,Group 1.1a,Group 1.1a-Nitrosopumilus,sequenced,a nearshore marine surface sediment in Seattle,Washington,RR_culture_096,26,,,5.0,,,,,culture-oxygen,Total GDGTs,Total GDGTs; Acid hydrolyzed TLEs (CLs + cleaved IPLs),,99.96,9.5,7.9,18.37,3.06,60.49,0.64,,,,,,,,,,0.09503801520608243,0.07903161264505804,0.18377350940376153,0.030612244897959186,0.6051420568227291,0.006402561024409764,,Culture,Culture - AOA,Qin et al. (2015) PNAS,Data from original source,Data from original source,No,No,Not reported,No,No,Pass,Pass,Qin et al. (2015),Wei,https://doi.org/10.1073/pnas.1501568112,"GTDB Release 214.1; NCBI (retrieved from February 21, 2024)",0.736403069736403,2.984593837535014,0.7461484593837535,6.003267973856209,0.3242317046208269,0.09503801520608243,2.823370713612066,-0.16122312392294802
RR00097,Qin2015_026_Nitrosopumilus ureiphilus PS0_T26_oxy1,PS0,Nitrosopumilus ureiphilus PS0,4.0,p__Thermoproteota,c__Nitrososphaeria,o__Nitrososphaerales,f__Nitrosopumilaceae,g__Nitrosopumilus,s__Nitrosopumilus ureiphilus,p__Nitrososphaerota,c__Nitrososphaeria,o__Nitrosopumilales,f__Nitrosopumilaceae,g__Nitrosopumilus,s__Nitrosopumilus ureiphilus,Marine mesophile,Group 1.1a,Group 1.1a-Nitrosopumilus,sequenced,a nearshore marine surface sediment in Seattle,Washington,RR_culture_097,26,,,11.0,,,,,culture-oxygen,Total GDGTs,Total GDGTs; Acid hydrolyzed TLEs (CLs + cleaved IPLs),,99.96,11.57,9.0,15.82,2.69,60.33,0.55,,,,,,,,,,0.11574629851940778,0.09003601440576231,0.15826330532212887,0.02691076430572229,0.6035414165666266,0.0055022008803521415,,Culture,Culture - AOA,Qin et al. (2015) PNAS,Data from original source,Data from original source,No,No,Not reported,No,No,Pass,Pass,Qin et al. (2015),Wei,https://doi.org/10.1073/pnas.1501568112,"GTDB Release 214.1; NCBI (retrieved from February 21, 2024)",0.6792587312900926,2.923469387755102,0.7308673469387755,5.881040892193309,0.31123430252290984,0.11574629851940778,2.598793624698932,-0.3246757630561703
RR00098,Qin2015_027_Nitrosopumilus ureiphilus PS0_T26_oxy5,PS0,Nitrosopumilus ureiphilus PS0,4.0,p__Thermoproteota,c__Nitrososphaeria,o__Nitrososphaerales,f__Nitrosopumilaceae,g__Nitrosopumilus,s__Nitrosopumilus ureiphilus,p__Nitrososphaerota,c__Nitrososphaeria,o__Nitrosopumilales,f__Nitrosopumilaceae,g__Nitrosopumilus,s__Nitrosopumilus ureiphilus,Marine mesophile,Group 1.1a,Group 1.1a-Nitrosopumilus,sequenced,a nearshore marine surface sediment in Seattle,Washington,RR_culture_098,26,,,53.0,,,,,culture-oxygen,Total GDGTs,Total GDGTs; Acid hydrolyzed TLEs (CLs + cleaved IPLs),,99.94,14.84,10.45,12.62,2.26,59.34,0.43,,,,,,,,,,0.14848909345607364,0.10456273764258554,0.12627576545927557,0.02261356814088453,0.5937562537522514,0.0043025815489293575,,Culture,Culture - AOA,Qin et al. (2015) PNAS,Data from original source,Data from original source,No,No,Not reported,No,No,Pass,Pass,Qin et al. (2015),Wei,https://doi.org/10.1073/pnas.1501568112,"GTDB Release 214.1; NCBI (retrieved from February 21, 2024)",0.5943322981366459,2.8171903141885135,0.7042975785471284,5.5840707964601775,0.29764982373678023,0.14848909345607364,2.305090654054627,-0.5120996601338863
RR00099,Qin2015_028_Nitrosopumilus ureiphilus PS0_T26_oxy10,PS0,Nitrosopumilus ureiphilus PS0,4.0,p__Thermoproteota,c__Nitrososphaeria,o__Nitrososphaerales,f__Nitrosopumilaceae,g__Nitrosopumilus,s__Nitrosopumilus ureiphilus,p__Nitrososphaerota,c__Nitrososphaeria,o__Nitrosopumilales,f__Nitrosopumilaceae,g__Nitrosopumilus,s__Nitrosopumilus ureiphilus,Marine mesophile,Group 1.1a,Group 1.1a-Nitrosopumilus,sequenced,a nearshore marine surface sediment in Seattle,Washington,RR_culture_099,26,,,106.0,,,,,culture-oxygen,Total GDGTs,Total GDGTs; Acid hydrolyzed TLEs (CLs + cleaved IPLs),,99.91000000000001,16.49,11.3,10.81,2.22,58.7,0.39,,,,,,,,,,0.16504854368932034,0.1131017916124512,0.10819737763987589,0.022219997998198376,0.5875287758983084,0.003903513161845661,,Culture,Culture - AOA,Qin et al. (2015) PNAS,Data from original source,Data from original source,No,No,Not reported,No,No,Pass,Pass,Qin et al. (2015),Wei,https://doi.org/10.1073/pnas.1501568112,"GTDB Release 214.1; NCBI (retrieved from February 21, 2024)",0.5428802588996764,2.7618856971274144,0.6904714242818536,4.86936936936937,0.2916566770558619,0.16504854368932034,2.1504491993171415,-0.6114364978102729
RR00100,Qin2015_029_Nitrosopumilus ureiphilus PS0_T26_oxy21,PS0,Nitrosopumilus ureiphilus PS0,4.0,p__Thermoproteota,c__Nitrososphaeria,o__Nitrososphaerales,f__Nitrosopumilaceae,g__Nitrosopumilus,s__Nitrosopumilus ureiphilus,p__Nitrososphaerota,c__Nitrososphaeria,o__Nitrosopumilales,f__Nitrosopumilaceae,g__Nitrosopumilus,s__Nitrosopumilus ureiphilus,Marine mesophile,Group 1.1a,Group 1.1a-Nitrosopumilus,sequenced,a nearshore marine surface sediment in Seattle,Washington,RR_culture_100,26,,,213.0,,,,,culture-oxygen,Total GDGTs,Total GDGTs; Acid hydrolyzed TLEs (CLs + cleaved IPLs),,99.92,19.58,11.89,7.69,1.94,58.53,0.29,,,,,,,,,,0.19595676541232984,0.11899519615692554,0.07696156925540433,0.01941553242594075,0.5857686148919136,0.0029023218574859887,,Culture,Culture - AOA,Qin et al. (2015) PNAS,Data from original source,Data from original source,No,No,Not reported,No,No,Pass,Pass,Qin et al. (2015),Wei,https://doi.org/10.1073/pnas.1501568112,"GTDB Release 214.1; NCBI (retrieved from February 21, 2024)",0.4548372306281523,2.6858486789431546,0.6714621697357886,3.9639175257731964,0.2678615882499378,0.19595676541232984,1.9266066615497397,-0.7592420173934149
RR00101,Hurley2016_N. maritimus SCM1_T28_pH7.6_slowGrowthRate,SCM1,Nitrosopumilus maritimus SCM1,7.0,p__Thermoproteota,c__Nitrososphaeria,o__Nitrososphaerales,f__Nitrosopumilaceae,g__Nitrosopumilus,s__Nitrosopumilus maritimus,p__Nitrososphaerota,c__Nitrososphaeria,o__Nitrosopumilales,f__Nitrosopumilaceae,g__Nitrosopumilus,s__Nitrosopumilus maritimus,Marine mesophile,Group 1.1a,Group 1.1a-Nitrosopumilus,sequenced,a tropical marine fish tank at the Seattle Aquarium in Seattle,Washington,RR_culture_101,28,,7.6,,,,31.2,slow,culture-growth-rate,Total GDGTs,Total GDGTs (Hydrolyzed B-D extracts; CLs + cleaved IPLs),0.1,1.0000000009999999,0.094736842,0.073684211,0.210526316,0.073684211,0.536842105,0.010526316,,,,,,,,,,0.09473684190526317,0.0736842109263158,0.2105263157894737,0.0736842109263158,0.5368421044631579,0.010526315989473687,,Culture,Culture - AOA,Hurley et al. (2016) PNAS,Data retrieved from Tierney dataset,Data retrieved from Tierney dataset,No,No,Not reported,No,No,,,Hurley et al. (2016),Sarah,https://doi.org/10.1073/pnas.1518534113,"GTDB Release 214.1; NCBI (retrieved from February 21, 2024)",0.7999999994571427,2.9052631570947374,0.7263157892736843,2.857142841632653,0.39534883800567877,0.09473684190526317,3.098799997534342,0.1935368404396045
RR00102,Hurley2016_N. maritimus SCM1_T28_pH7.6_intermediateGrowthRate,SCM1,Nitrosopumilus maritimus SCM1,7.0,p__Thermoproteota,c__Nitrososphaeria,o__Nitrososphaerales,f__Nitrosopumilaceae,g__Nitrosopumilus,s__Nitrosopumilus maritimus,p__Nitrososphaerota,c__Nitrososphaeria,o__Nitrosopumilales,f__Nitrosopumilaceae,g__Nitrosopumilus,s__Nitrosopumilus maritimus,Marine mesophile,Group 1.1a,Group 1.1a-Nitrosopumilus,sequenced,a tropical marine fish tank at the Seattle Aquarium in Seattle,Washington,RR_culture_102,28,,7.6,,,,71.4,intermediate,culture-growth-rate,Total GDGTs,Total GDGTs (Hydrolyzed B-D extracts; CLs + cleaved IPLs),0.1,1.0,0.147368421,0.115789474,0.178947368,0.084210526,0.463157895,0.010526316,,,,,,,,,,0.147368421,0.115789474,0.178947368,0.084210526,0.463157895,0.010526316,,Culture,Culture - AOA,Hurley et al. (2016) PNAS,Data retrieved from Tierney dataset,Data retrieved from Tierney dataset,No,No,Not reported,No,No,,,Hurley et al. (2016),Sarah,https://doi.org/10.1073/pnas.1518534113,"GTDB Release 214.1; NCBI (retrieved from February 21, 2024)",0.7027027017311906,2.6210526319999996,0.6552631579999999,2.12500000296875,0.44444444392318244,0.147368421,2.688305328574428,0.06725269657442823
RR00103,Hurley2016_N. maritimus SCM1_T28_pH7.6_fastGrowthRate,SCM1,Nitrosopumilus maritimus SCM1,7.0,p__Thermoproteota,c__Nitrososphaeria,o__Nitrososphaerales,f__Nitrosopumilaceae,g__Nitrosopumilus,s__Nitrosopumilus maritimus,p__Nitrososphaerota,c__Nitrososphaeria,o__Nitrosopumilales,f__Nitrosopumilaceae,g__Nitrosopumilus,s__Nitrosopumilus maritimus,Marine mesophile,Group 1.1a,Group 1.1a-Nitrosopumilus,sequenced,a tropical marine fish tank at the Seattle Aquarium in Seattle,Washington,RR_culture_103,28,,7.6,,,,101.6,fast,culture-growth-rate,Total GDGTs,Total GDGTs (Hydrolyzed B-D extracts; CLs + cleaved IPLs),0.1,1.0000000009999999,0.170212766,0.117021277,0.159574468,0.085106383,0.457446809,0.010638298,,,,,,,,,,0.17021276582978725,0.11702127688297875,0.15957446784042556,0.08510638291489363,0.45744680854255326,0.010638297989361703,,Culture,Culture - AOA,Hurley et al. (2016) PNAS,Data retrieved from Tierney dataset,Data retrieved from Tierney dataset,No,No,Not reported,No,No,,,Hurley et al. (2016),Sarah,https://doi.org/10.1073/pnas.1518534113,"GTDB Release 214.1; NCBI (retrieved from February 21, 2024)",0.6857142850236735,2.56382978743617,0.6409574468590425,1.8749999985312502,0.4358974358047337,0.17021276582978725,2.623077548407723,0.05924776097155293
RR00104,Pitcher2011_Ca Nitrosoarchaeum limnia SFB1_T22_pH,SFB1,Candidatus Nitrosarchaeum limnia SFB1,10.0,p__Thermoproteota,c__Nitrososphaeria,o__Nitrososphaerales,f__Nitrosopumilaceae,g__Nitrosarchaeum,,p__Nitrososphaerota,c__Nitrososphaeria,o__Nitrosopumilales,f__Nitrosopumilaceae,g__Nitrosarchaeum,,Marine mesophile,Group 1.1a,Group 1.1a-Nitrosopumilus,sequenced,marine sediments taken from the San Francisco Bay estuary,San Francisco Bay estuary,RR_culture_104,22,,7.1,,500.0,,,,culture-temperature,Total GDGTs,Total GDGTs (Hydrolyzed B-D extracts; CLs + cleaved IPLs),0.22-0.7,0.9690000000000002,0.35,0.17,0.05,0.01,0.34,0.004,0.04,,,,,0.005,,,,0.3787878787878787,0.18398268398268397,0.054112554112554105,0.01082251082251082,0.36796536796536794,0.004329004329004328,,Culture,Culture - AOA,Pitcher et al. (2011) AEM,Data from original source,Data from original source,No,No,Not reported,No,No,,,Pitcher et al. (2011),Angela,https://doi.org/10.1128/AEM.02758-10,"GTDB Release 214.1; NCBI (retrieved from February 21, 2024)",0.2735042735042735,1.8138528138528138,0.45346320346320346,5.0,0.4006968641114983,0.3787878787878787,1.627752940317043,-0.18609987353577084
RR00105,Pitcher2011_SJ_T25_pH8.2,SJ,Nitrosopumilus sp. SJ,8.1,p__Thermoproteota,c__Nitrososphaeria,o__Nitrososphaerales,f__Nitrosopumilaceae,g__Nitrosopumilus,,p__Nitrososphaerota,c__Nitrososphaeria,o__Nitrosopumilales,f__Nitrosopumilaceae,g__Nitrosopumilus,,Marine mesophile,Group 1.1a,Group 1.1a-Nitrosopumilus,sequenced,coastal marine sediments from South Korea,South Korea,RR_culture_105,25,,8.2,,100.0,,,,culture-temperature,Total GDGTs,Total GDGTs (Hydrolyzed B-D extracts; CLs + cleaved IPLs),0.22-0.7,0.9,0.26,0.08,0.11,0.08,0.24,0.01,0.12,,,,,,,,,0.3333333333333333,0.10256410256410256,0.14102564102564102,0.10256410256410256,0.30769230769230765,0.01282051282051282,,Culture,Culture - AOA,Pitcher et al. (2011) AEM,Data from original source,Data from original source,No,No,Not reported,No,Yes,,,Pitcher et al. (2011),Angela,https://doi.org/10.1128/AEM.02758-10,"GTDB Release 214.1; NCBI (retrieved from February 21, 2024)",0.7142857142857142,1.9743589743589742,0.49358974358974356,1.375,0.5192307692307694,0.3333333333333333,2.7338775510204076,0.7595185766614334
RR00106,Pitcher2011_AR1_T25_pH8.2,AR1,Nitrosopumilus koreensis AR1,6.0,p__Thermoproteota,c__Nitrososphaeria,o__Nitrososphaerales,f__Nitrosopumilaceae,g__Nitrosopumilus,,p__Nitrososphaerota,c__Nitrososphaeria,o__Nitrosopumilales,f__Nitrosopumilaceae,g__Nitrosopumilus,,Marine mesophile,Group 1.1a,Group 1.1a-Nitrosopumilus,sequenced,"coastal marine sediments from Svalbard, Norway","Svalbard, Norway",RR_culture_106,25,,8.2,,100.0,,,,culture-temperature,Total GDGTs,Total GDGTs (Hydrolyzed B-D extracts; CLs + cleaved IPLs),0.22-0.7,0.936,0.31,0.1,0.09,0.04,0.35,0.006,0.04,,,,,,,,,0.34598214285714285,0.11160714285714286,0.10044642857142856,0.044642857142857144,0.39062499999999994,0.006696428571428571,,Culture,Culture - AOA,Pitcher et al. (2011) AEM,Data from original source,Data from original source,No,No,Not reported,No,No,,,Pitcher et al. (2011),Angela,https://doi.org/10.1128/AEM.02758-10,"GTDB Release 214.1; NCBI (retrieved from February 21, 2024)",0.576271186440678,2.0357142857142856,0.5089285714285714,2.2499999999999996,0.3924914675767918,0.34598214285714285,2.248804941108877,0.21309065539459127
RR00107,SinningheDamste2012_Ca Nitrosoarchaeum koreensis MY1T_T25_pH6.9,MY1T,Nitrosarchaeum koreense MY1T,9.0,p__Thermoproteota,c__Nitrososphaeria,o__Nitrososphaerales,f__Nitrosopumilaceae,g__Nitrosarchaeum,s__Nitrosoarchaeum koreensis,p__Nitrososphaerota,c__Nitrososphaeria,o__Nitrosopumilales,f__Nitrosopumilaceae,g__Nitrosarchaeum,s__Nitrosoarchaeum koreensis,Soil mesophile,Group 1.1a,Group 1.1a-Nitrosopumilus,sequenced,,,RR_culture_107,25,,6.9,,,,,,culture-temperature,Total GDGTs,Total GDGTs (Hydrolyzed B-D extracts; CLs + cleaved IPLs),,91.99999999999999,13.7,15.3,14.3,5.5,35.8,1.1,6.3,,,,,,,,,0.15985997666277715,0.1785297549591599,0.16686114352392067,0.06417736289381565,0.4177362893815636,0.01283547257876313,,Culture,Culture - AOA,Sinninghe Damste et al. (2012) AEM,Data from original source,Data from original source,No,No,Not reported,No,No,,,Sinninghe Damste et al. (2012),Jaap,https://doi.org/10.1128/AEM.01681-12,"GTDB Release 214.1; NCBI (retrieved from February 21, 2024)",0.5773480662983426,2.427071178529755,0.6067677946324388,2.5999999999999996,0.48750000000000004,0.15985997666277715,2.2521002106162817,-0.17497096791347344
RR00108,SinningheDamste2012_Ca Nitrososphaera JG1_T37_pH6.5,JG1,Ca Nitrososphaera JG1,25.1,p__Thermoproteota,c__Nitrososphaeria,o__Nitrososphaerales,f__Nitrosopumilaceae,g__Nitrososphaera,,p__Nitrososphaerota,c__Nitrososphaeria,o__Nitrosopumilales,f__Nitrosopumilaceae,g__Nitrososphaera,,Soil mesophile,Group 1.1b,Group 1.1b-Nitrososphaera,sequenced,,,RR_culture_108,37,,7.5,,,,,,culture-temperature,Total GDGTs,Total GDGTs (Hydrolyzed B-D extracts; CLs + cleaved IPLs),,90.0,2.9,4.0,3.4,5.0,29.2,13.7,31.8,,,,,,,,,0.04982817869415807,0.06872852233676975,0.05841924398625429,0.0859106529209622,0.5017182130584192,0.2353951890034364,,Culture,Culture - AOA,Sinninghe Damste et al. (2012) AEM,Data from original source,Data from original source,No,No,Not reported,No,No,,,Sinninghe Damste et al. (2012),Jaap,https://doi.org/10.1128/AEM.01681-12,"GTDB Release 214.1; NCBI (retrieved from February 21, 2024)",0.8467432950191571,3.3917525773195876,0.8479381443298969,0.6799999999999999,0.22423146473779385,0.04982817869415807,3.3183620322661147,-0.07339054505347287
RR00109,SinningheDamste2012_Nitrososphaera viennensis EN76_T37_pH7.5,EN76,Nitrososphaera viennensis EN76,16.0,p__Thermoproteota,c__Nitrososphaeria,o__Nitrososphaerales,f__Nitrososphaeraceae,g__Nitrososphaera,s__Nitrososphaera viennensis,p__Nitrososphaerota,c__Nitrososphaeria,o__Nitrosopumilales,f__Nitrosopumilaceae,g__Nitrososphaera,s__Nitrososphaera viennensis,Soil mesophile,Group 1.1b,Group 1.1b-Nitrososphaera,sequenced,,,RR_culture_109,37,,7.1,,,,,,culture-temperature,Total GDGTs,Total GDGTs (Hydrolyzed B-D extracts; CLs + cleaved IPLs),,88.4,0.3,0.2,0.2,0.5,55.1,22.9,9.2,,,,,,,,,0.0037878787878787876,0.0025252525252525255,0.0025252525252525255,0.006313131313131313,0.6957070707070707,0.2891414141414141,,Culture,Culture - AOA,Sinninghe Damste et al. (2012) AEM,Data from original source,Data from original source,No,No,Not reported,No,No,,,Sinninghe Damste et al. (2012),Jaap,https://doi.org/10.1128/AEM.01681-12,"GTDB Release 214.1; NCBI (retrieved from February 21, 2024)",0.9915966386554621,3.965909090909091,0.9914772727272727,0.4,0.01140684410646388,0.0037878787878787876,4.090906715627427,0.1249976247183362
RR00110,Schouten2008_Nitrosopumilus maritimus SCM1_culture_T28_pH7.1,SCM1,Nitrosopumilus maritimus SCM1,7.0,p__Thermoproteota,c__Nitrososphaeria,o__Nitrososphaerales,f__Nitrosopumilaceae,g__Nitrosopumilus,s__Nitrosopumilus maritimus,p__Nitrososphaerota,c__Nitrososphaeria,o__Nitrosopumilales,f__Nitrosopumilaceae,g__Nitrosopumilus,s__Nitrosopumilus maritimus,Marine mesophile,Group 1.1a,Group 1.1a-Nitrosopumilus,sequenced,a tropical marine fish tank at the Seattle Aquarium in Seattle,Washington,RR_culture_110,28,,7.1,,500.0,,,,culture-temperature,Total GDGTs,Total GDGTs (Base and Acid hydrolysis),0.1,1.0,0.14072847682119174,0.08940397350993387,0.10761589403973515,0.06953642384105962,0.5927152317880796,0.0,,,,,,,,,,0.14072847682119174,0.08940397350993387,0.10761589403973515,0.06953642384105962,0.5927152317880796,0.0,,Culture,Culture - AOA,Schouten et al. (2008) AEM,GDGT fractions digitized from the figure in the original paper,GDGT fractions digitized from Fig.2 in the original paper (total; acid+base hydrolysis -- different from reported values in Bale et al. 2019) ; pH were assumed based on the culturing approach that followed Konneke et al. (2005) with monitored pH range of 7.0-7.2,No,No,Not reported,No,No,,,Schouten et al. (2008),Stefan,https://journals.asm.org/doi/10.1128/aem.01709-07#F2,"GTDB Release 214.1; NCBI (retrieved from February 21, 2024)",0.6645962732919253,2.8841059602649013,0.7210264900662253,1.547619047619048,0.31021194605009644,0.14072847682119174,2.5446657150572887,-0.3394402452076126
RR00111,SinningheDamster2002_Ca Cenarchaeum symbiosum A_culture_T10,A,Cenarchaeum symbiosum A,11.0,p__Thermoproteota,c__Nitrososphaeria,o__Nitrososphaerales,f__Nitrosopumilaceae,g__Cenarchaeum,,p__Nitrososphaerota,c__Nitrososphaeria,o__Cenarchaeales,f__Cenarchaeaceae,g__Cenarchaeum,,Marine mesophile,Group 1.1a,Group 1.1a-Nitrosopumilus,sequenced,,,RR_culture_111,10,,,,,,,,culture-temperature,Total GDGTs,"refluxing with 2 N HCl in methanol for 8 h, followed by liquid/liquid extraction with DCM",,100.0,28.0,14.0,2.0,0.0,56.0,0.0,0.0,,,,,,,,,0.28,0.14,0.02,0.0,0.56,0.0,,Culture,Culture - AOA,Sinninghe Damste et al. (2002) Journal of Lipid Research,Data retrieved from Bale et al. (2019) AEM,Data retrieved from Bale et al. (2019) AEM,No,No,Not reported,No,No,,,Sinninghe Damste et al. (2002),Jaap,10.1194/jlr.m200148-jlr200,"GTDB Release 214.1; NCBI (retrieved from February 21, 2024)",0.125,2.4200000000000004,0.6050000000000001,inf,0.2222222222222222,0.28,1.545625,-0.8743750000000003
RR00112,Jung2011_Ca Nitrosoarchaeum koreense MY1T_culture_T25,MY1T,Nitrosarchaeum koreense MY1T,9.0,p__Thermoproteota,c__Nitrososphaeria,o__Nitrososphaerales,f__Nitrosopumilaceae,g__Nitrosarchaeum,s__Nitrosoarchaeum koreensis,p__Nitrososphaerota,c__Nitrososphaeria,o__Nitrosopumilales,f__Nitrosopumilaceae,g__Nitrosarchaeum,s__Nitrosoarchaeum koreensis,Soil mesophile,Group 1.1a,Group 1.1a-Nitrosopumilus,sequenced,,,RR_culture_112,25,,6.9,,,,,,culture-temperature,Total GDGTs,Total GDGTs; Acid hydrolyzed TLEs (CLs + cleaved IPLs),,87.99999999999999,4.0,16.0,16.0,7.6,36.0,1.1,7.3,,,,,,,,,0.04956629491945478,0.19826517967781912,0.19826517967781912,0.09417596034696407,0.446096654275093,0.013630731102850065,,Culture,Culture - AOA,Jung et al. (2011) AEM,Data retrieved from Bale et al. (2019) AEM,Data retrieved from Bale et al. (2019) AEM; Culturing pH 6.8-7.0,No,No,Not reported,No,Yes,,,Jung et al. (2011),Man-Young,https://doi.org/10.1128/AEM.05787-11,"GTDB Release 214.1; NCBI (retrieved from February 21, 2024)",0.6068796068796068,2.7162329615861216,0.6790582403965304,2.105263157894737,0.516297262059974,0.04956629491945478,2.345468188760572,-0.37076477282554965
RR00113,Jung2014_Ca Nitrosotenuis chungbukensis MY2_culture_T25,MY2,Candidatus Nitrosotenuis chungbukensis MY2,14.0,p__Thermoproteota,c__Nitrososphaeria,o__Nitrososphaerales,f__Nitrosopumilaceae,g__Nitrosotenuis,,p__Nitrososphaerota,c__,o__,f__,g__Nitrosotenuis,,Soil mesophile,Group 1.1a,Group 1.1a-Nitrosopumilus,sequenced,,,RR_culture_113,25,,,,,,,,culture-temperature,Total GDGTs,Total GDGTs; Acid hydrolyzed TLEs (CLs + cleaved IPLs),,99.99999999999999,25.0,28.0,7.5,5.1,33.0,0.6,0.8,,,,,,,,,0.2520161290322581,0.28225806451612906,0.07560483870967742,0.05141129032258065,0.3326612903225807,0.006048387096774194,,Culture,Culture - AOA,Jung et al. (2014) AEM,Data retrieved from Bale et al. (2019) AEM,Data retrieved from Bale et al. (2019) AEM; pH adjusted to optimum growth pH,No,No,Not reported,No,Yes,,,Jung et al. (2014),Man-Young,https://doi.org/10.1128/AEM.03730-13,"GTDB Release 214.1; NCBI (retrieved from February 21, 2024)",0.3203883495145631,1.9425403225806452,0.4856350806451613,1.4705882352941175,0.5471698113207547,0.2520161290322581,1.684094636629277,-0.2584456859513682
RR00114,Jung2016_Ca. Nitrosocosmicus oleophilus MY3_culture_T30,MY3,Ca. Nitrosocosmicus oleophilus MY3,17.0,p__Thermoproteota,c__Nitrososphaeria,o__Nitrososphaerales,f__Nitrososphaeraceae,g__Nitrosocosmicus,,p__Nitrososphaerota,c__Nitrososphaeria,o__Nitrososphaerales,f__Nitrososphaeraceae,g__Nitrosocosmicus,,Terrestrial mesophile,Group 1.1b,Group 1.1b-Nitrososphaera,sequenced,,,RR_culture_114,30,,6.8,,,,,,culture-temperature,Total GDGTs,Total GDGTs; Acid hydrolyzed TLEs (CLs + cleaved IPLs),,99.99999999999999,25.0,28.0,7.5,5.1,33.0,0.6,0.8,,,,,,,,,0.2520161290322581,0.28225806451612906,0.07560483870967742,0.05141129032258065,0.3326612903225807,0.006048387096774194,,Culture,Culture - AOA,Jung et al. (2016) Environmental Microbiology Reports,Data retrieved from Bale et al. (2019) AEM,Data retrieved from Bale et al. (2019) AEM; optimum pH 6.5-7.0,No,No,Not reported,No,Yes,,,Jung et al. (2016),Man-Young,https://doi.org/10.1111/1758-2229.12477,"GTDB Release 214.1; NCBI (retrieved from February 21, 2024)",0.3203883495145631,1.9425403225806452,0.4856350806451613,1.4705882352941175,0.5471698113207547,0.2520161290322581,1.684094636629277,-0.2584456859513682
RR00115,Boyd2011_Acidilobus_sulfurireducens_culture_T65_pH3_IonicStrength44.9,7A,Acidilobus sulfurireducens 7A,25.1,p__Thermoproteota,c__Thermoprotei_A,o__Sulfolobales,f__Acidilobaceae,g__Acidilobus,s__Acidilobus sp003431325,p__Thermoproteota,c__Thermoprotei,o__Acidilobales,f__Acidilobaceae,g__Acidilobus,s__Acidilobus sp. 7A ,Hyperthermophilic,Acidilobaceae,Acidilobaceae,sequenced,,Yellowstone,RR_culture_115,65,,3.0,,,44.9,,,culture-temperature,Total GDGTs,,,100.0,1.6,0.3,0.8,1.1,40.0,0.6,16.0,38.5,0.5,,,0.6,,,,0.036036036036036036,0.006756756756756757,0.018018018018018018,0.02477477477477478,0.9009009009009009,0.013513513513513514,,Culture,Culture - Hot spring,Boyd et al. (2011) Extremophiles,Data from original source,Data from original source,No,No,Not reported,No,No,,,Boyd et al. (2011),Eric,10.1007/s00792-010-0339-y,"GTDB Release 214.1; NCBI (retrieved from February 21, 2024)",0.8928571428571429,3.774774774774775,0.9436936936936937,0.7272727272727272,0.05140186915887851,0.036036036036036036,3.549183673469388,-0.22559110130538684
RR00116,Boyd2011_Acidilobus_sulfurireducens_culture_T70_pH3_IonicStrength44.9,7A,Acidilobus sulfurireducens 7A,25.1,p__Thermoproteota,c__Thermoprotei_A,o__Sulfolobales,f__Acidilobaceae,g__Acidilobus,s__Acidilobus sp003431325,p__Thermoproteota,c__Thermoprotei,o__Acidilobales,f__Acidilobaceae,g__Acidilobus,s__Acidilobus sp. 7A ,Hyperthermophilic,Acidilobaceae,Acidilobaceae,sequenced,,Yellowstone,RR_culture_116,70,,3.0,,,44.9,,,culture-temperature,Total GDGTs,,,99.9,2.8,1.2,1.0,1.2,33.6,1.2,13.1,40.4,0.7,,,4.7,,,,0.06829268292682925,0.029268292682926824,0.024390243902439022,0.029268292682926824,0.8195121951219511,0.029268292682926824,,Culture,Culture - Hot spring,Boyd et al. (2011) Extremophiles,Data from original source,Data from original source,No,No,Not reported,No,No,,,Boyd et al. (2011),Eric,10.1007/s00792-010-0339-y,"GTDB Release 214.1; NCBI (retrieved from February 21, 2024)",0.7391304347826086,3.560975609756097,0.8902439024390243,0.8333333333333334,0.08900523560209425,0.06829268292682925,2.8346313799621923,-0.7263442297939049
RR00117,Boyd2011_Acidilobus_sulfurireducens_culture_T75_pH3_IonicStrength44.9,7A,Acidilobus sulfurireducens 7A,25.1,p__Thermoproteota,c__Thermoprotei_A,o__Sulfolobales,f__Acidilobaceae,g__Acidilobus,s__Acidilobus sp003431325,p__Thermoproteota,c__Thermoprotei,o__Acidilobales,f__Acidilobaceae,g__Acidilobus,s__Acidilobus sp. 7A ,Hyperthermophilic,Acidilobaceae,Acidilobaceae,sequenced,,Yellowstone,RR_culture_117,75,,3.0,,,44.9,,,culture-temperature,Total GDGTs,,,99.99999999999999,2.5,0.5,0.8,1.0,26.2,0.3,14.0,52.4,1.8,,,0.5,,,,0.07987220447284345,0.01597444089456869,0.025559105431309907,0.03194888178913738,0.8370607028753994,0.009584664536741214,,Culture,Culture - Hot spring,Boyd et al. (2011) Extremophiles,Data from original source,Data from original source,No,No,Not reported,No,No,,,Boyd et al. (2011),Eric,10.1007/s00792-010-0339-y,"GTDB Release 214.1; NCBI (retrieved from February 21, 2024)",0.8076923076923077,3.549520766773163,0.8873801916932907,0.8000000000000002,0.0798611111111111,0.07987220447284345,3.133934911242604,-0.41558585553055893
RR00118,Boyd2011_Acidilobus_sulfurireducens_culture_T81_pH3_IonicStrength44.9,7A,Acidilobus sulfurireducens 7A,25.1,p__Thermoproteota,c__Thermoprotei_A,o__Sulfolobales,f__Acidilobaceae,g__Acidilobus,s__Acidilobus sp003431325,p__Thermoproteota,c__Thermoprotei,o__Acidilobales,f__Acidilobaceae,g__Acidilobus,s__Acidilobus sp. 7A ,Hyperthermophilic,Acidilobaceae,Acidilobaceae,sequenced,,Yellowstone,RR_culture_118,81,,3.0,,,44.9,,,culture-temperature,Total GDGTs,,,99.89999999999999,2.0,0.5,0.6,0.4,10.4,0.9,3.0,75.2,6.6,,,0.3,,,,0.13513513513513511,0.03378378378378378,0.040540540540540536,0.02702702702702703,0.7027027027027027,0.06081081081081081,,Culture,Culture - Hot spring,Boyd et al. (2011) Extremophiles,Data from original source,Data from original source,No,No,Not reported,No,No,,,Boyd et al. (2011),Eric,10.1007/s00792-010-0339-y,"GTDB Release 214.1; NCBI (retrieved from February 21, 2024)",0.7916666666666667,3.2500000000000004,0.8125000000000001,1.4999999999999998,0.11718749999999999,0.13513513513513511,3.061180555555556,-0.18881944444444443
RR00120,Boyd2011_Acidilobus_sulfurireducens_culture_T81_pH4_IonicStrength43.1,7A,Acidilobus sulfurireducens 7A,25.1,p__Thermoproteota,c__Thermoprotei_A,o__Sulfolobales,f__Acidilobaceae,g__Acidilobus,s__Acidilobus sp003431325,p__Thermoproteota,c__Thermoprotei,o__Acidilobales,f__Acidilobaceae,g__Acidilobus,s__Acidilobus sp. 7A ,Hyperthermophilic,Acidilobaceae,Acidilobaceae,sequenced,,Yellowstone,RR_culture_120,81,,4.0,,,43.1,,,culture-pH,Total GDGTs,,,99.99999999999999,7.5,,,1.5,22.4,0.3,10.6,55.9,1.6,,,0.2,,,,0.23659305993690852,0.0,0.0,0.04731861198738171,0.7066246056782334,0.00946372239747634,,Culture,Culture - Hot spring,Boyd et al. (2011) Extremophiles,Data from original source,Data from original source,No,No,Not reported,No,No,,,Boyd et al. (2011),Eric,10.1007/s00792-010-0339-y,"GTDB Release 214.1; NCBI (retrieved from February 21, 2024)",1.0,3.006309148264984,0.751577287066246,0.0,0.06198347107438017,0.23659305993690852,4.14,1.1336908517350155
RR00122,Boyd2011_Acidilobus_sulfurireducens_culture_T81_pH5.0_IonicStrength43.1,7A,Acidilobus sulfurireducens 7A,25.1,p__Thermoproteota,c__Thermoprotei_A,o__Sulfolobales,f__Acidilobaceae,g__Acidilobus,s__Acidilobus sp003431325,p__Thermoproteota,c__Thermoprotei,o__Acidilobales,f__Acidilobaceae,g__Acidilobus,s__Acidilobus sp. 7A ,Hyperthermophilic,Acidilobaceae,Acidilobaceae,sequenced,,Yellowstone,RR_culture_122,81,,5.0,,,43.1,,,culture-pH,Total GDGTs,,,100.0,9.8,,,,19.4,1.0,2.2,65.7,0.9,,,1.0,,,,0.3245033112582782,0.0,0.0,0.0,0.6423841059602649,0.033112582781456956,,Culture,Culture - Hot spring,Boyd et al. (2011) Extremophiles,Data from original source,Data from original source,No,No,Not reported,No,No,,,Boyd et al. (2011),Eric,10.1007/s00792-010-0339-y,"GTDB Release 214.1; NCBI (retrieved from February 21, 2024)",1.0,2.701986754966887,0.6754966887417218,,0.0,0.3245033112582782,4.14,1.4380132450331127
RR00129,Feyhl-Buska2016_Picrophilus torridus_culture-C-GDGT_T53_pH0.7_growthLog,DSM 9790,Picrophilus torridus,24.0,p__Thermoplasmatota,c__Thermoplasmata,o__Thermoplasmatales,f__Thermoplasmataceae,g__Picrophilus,,p__Candidatus Thermoplasmatota,c__Thermoplasmata,o__Thermoplasmatales,f__Picrophilaceae,g__Picrophilus,,Thermoacidophile,Picrophilaceae,Picrophilaceae,sequenced,,,RR_culture_129,53,,0.7,,,,,growthlog_growth_rate,culture-temperature,Total GDGTs,,,100.0,44.19,6.6,22.97,5.69,6.39,,13.34,0.73,0.08,0.01,,,,,,0.5147949673811744,0.07688723205964586,0.2675908667287978,0.06628611369990682,0.0744408201304753,0.0,,Culture,Culture - Hot spring,Feyhl-Buska et al. (2016) Frontiers in Microbiology,Data from original source,Data from original source,No,No,Not reported,No,Yes,,,Feyhl-Buska et al. (2016),Jayme,https://doi.org/10.3389/fmicb.2016.01323,"GTDB Release 214.1; NCBI (retrieved from February 21, 2024)",0.8128190584231424,1.108690587138863,0.27717264678471576,4.036906854130052,0.846578631452581,0.5147949673811744,3.157569733177314,2.048879146038451
RR00130,Feyhl-Buska2016_Picrophilus torridus_culture-C-GDGT_T58_pH0.7_growthLog,DSM 9790,Picrophilus torridus,24.0,p__Thermoplasmatota,c__Thermoplasmata,o__Thermoplasmatales,f__Thermoplasmataceae,g__Picrophilus,,p__Candidatus Thermoplasmatota,c__Thermoplasmata,o__Thermoplasmatales,f__Picrophilaceae,g__Picrophilus,,Thermoacidophile,Picrophilaceae,Picrophilaceae,sequenced,,,RR_culture_130,58,,0.7,,,,,growthlog_growth_rate,culture-temperature,Total GDGTs,,,100.0,28.49,8.57,27.83,9.73,6.0,,18.64,0.63,0.1,0.01,,,,,,0.3533862565120317,0.1063011659637807,0.34519970230711977,0.1206896551724138,0.07442322004465393,0.0,,Culture,Culture - Hot spring,Feyhl-Buska et al. (2016) Frontiers in Microbiology,Data from original source,Data from original source,No,No,Not reported,No,Yes,,,Feyhl-Buska et al. (2016),Jayme,https://doi.org/10.3389/fmicb.2016.01323,"GTDB Release 214.1; NCBI (retrieved from February 21, 2024)",0.8142206806850206,1.4564624162738773,0.3641156040684693,2.8602261048304207,0.8849031267983886,0.3533862565120317,3.164061727831726,1.7075993115578485
RR00131,Feyhl-Buska2016_Picrophilus torridus_culture-C-GDGT_T63_pH0.7_growthLog,DSM 9790,Picrophilus torridus,24.0,p__Thermoplasmatota,c__Thermoplasmata,o__Thermoplasmatales,f__Thermoplasmataceae,g__Picrophilus,,p__Candidatus Thermoplasmatota,c__Thermoplasmata,o__Thermoplasmatales,f__Picrophilaceae,g__Picrophilus,,Thermoacidophile,Picrophilaceae,Picrophilaceae,sequenced,,,RR_culture_131,63,,0.7,,,,,growthlog_growth_rate,culture-temperature,Total GDGTs,,,100.0,31.42,7.62,23.92,9.39,8.13,,18.18,1.13,0.2,0.01,,,,,,0.39040755467196825,0.09468190854870777,0.2972166998011929,0.11667495029821076,0.1010188866799205,0.0,,Culture,Culture - Hot spring,Feyhl-Buska et al. (2016) Frontiers in Microbiology,Data from original source,Data from original source,No,No,Not reported,No,Yes,,,Feyhl-Buska et al. (2016),Jayme,https://doi.org/10.3389/fmicb.2016.01323,"GTDB Release 214.1; NCBI (retrieved from February 21, 2024)",0.8138284876618616,1.4432157057654078,0.36080392644135195,2.5473908413205537,0.8342845495311862,0.39040755467196825,3.1622438648359426,1.7190281590705347
RR00132,Feyhl-Buska2016_Picrophilus torridus_culture-IPL-GDGT_T53_pH0.7_growthLog,DSM 9790,Picrophilus torridus,24.0,p__Thermoplasmatota,c__Thermoplasmata,o__Thermoplasmatales,f__Thermoplasmataceae,g__Picrophilus,,p__Candidatus Thermoplasmatota,c__Thermoplasmata,o__Thermoplasmatales,f__Picrophilaceae,g__Picrophilus,,Thermoacidophile,Picrophilaceae,Picrophilaceae,sequenced,,,RR_culture_132,53,,0.7,,,,,growthlog_growth_rate,culture-temperature,IPL-GDGTs,,,100.00000000000001,28.48,10.91,36.34,8.01,4.53,,11.18,0.49,0.05,0.01,,,,,,0.3226464257392092,0.12359805143310297,0.411691401382123,0.09074430723915258,0.05131981420641214,0.0,,Culture,Culture - Hot spring,Feyhl-Buska et al. (2016) Frontiers in Microbiology,Data from original source,Data from original source,No,No,Not reported,No,Yes,,,Feyhl-Buska et al. (2016),Jayme,https://doi.org/10.3389/fmicb.2016.01323,"GTDB Release 214.1; NCBI (retrieved from February 21, 2024)",0.8025696706478466,1.4244930327404552,0.3561232581851138,4.536828963795257,0.9242348218765679,0.3226464257392092,3.1104933667305508,1.6860003339900955
RR00133,Feyhl-Buska2016_Picrophilus torridus_culture-IPL-GDGT_T58_pH0.7_growthLog,DSM 9790,Picrophilus torridus,24.0,p__Thermoplasmatota,c__Thermoplasmata,o__Thermoplasmatales,f__Thermoplasmataceae,g__Picrophilus,,p__Candidatus Thermoplasmatota,c__Thermoplasmata,o__Thermoplasmatales,f__Picrophilaceae,g__Picrophilus,,Thermoacidophile,Picrophilaceae,Picrophilaceae,sequenced,,,RR_culture_133,58,,0.7,,,,,growthlog_growth_rate,culture-temperature,IPL-GDGTs,,,100.01,21.41,11.45,37.83,11.78,3.34,,13.83,0.32,0.04,0.01,,,,,,0.24950471972963523,0.13343433166297633,0.44085770889173753,0.13728003729169094,0.038923202423959906,0.0,,Culture,Culture - Hot spring,Feyhl-Buska et al. (2016) Frontiers in Microbiology,Data from original source,Data from original source,No,No,Not reported,No,Yes,,,Feyhl-Buska et al. (2016),Jayme,https://doi.org/10.3389/fmicb.2016.01323,"GTDB Release 214.1; NCBI (retrieved from February 21, 2024)",0.8124795283327876,1.5826826710173638,0.39567066775434095,3.2113752122241084,0.948136645962733,0.24950471972963523,3.1559990699305187,1.573316398913155
RR00134,Feyhl-Buska2016_Picrophilus torridus_culture-IPL-GDGT_T63_pH0.7_growthLog,DSM 9790,Picrophilus torridus,24.0,p__Thermoplasmatota,c__Thermoplasmata,o__Thermoplasmatales,f__Thermoplasmataceae,g__Picrophilus,,p__Candidatus Thermoplasmatota,c__Thermoplasmata,o__Thermoplasmatales,f__Picrophilaceae,g__Picrophilus,,Thermoacidophile,Picrophilaceae,Picrophilaceae,sequenced,,,RR_culture_134,63,,0.7,,,,,growthlog_growth_rate,culture-temperature,IPL-GDGTs,,,100.01,13.51,11.08,39.72,13.26,4.64,,17.16,0.55,0.08,0.01,,,,,,0.16433523902201677,0.1347767911446296,0.4831529011069212,0.16129424644203866,0.056440822284393614,0.0,,Culture,Culture - Hot spring,Feyhl-Buska et al. (2016) Frontiers in Microbiology,Data from original source,Data from original source,No,No,Not reported,No,Yes,,,Feyhl-Buska et al. (2016),Jayme,https://doi.org/10.3389/fmicb.2016.01323,"GTDB Release 214.1; NCBI (retrieved from February 21, 2024)",0.8270371526693725,1.8107286218221625,0.45268215545554064,2.995475113122172,0.9324599708879184,0.16433523902201677,3.2240296927375196,1.413301070915357
RR00135,Feyhl-Buska2016_Picrophilus torridus_culture-C-GDGT_T58_pH0.3_growthLog,DSM 9790,Picrophilus torridus,24.0,p__Thermoplasmatota,c__Thermoplasmata,o__Thermoplasmatales,f__Thermoplasmataceae,g__Picrophilus,,p__Candidatus Thermoplasmatota,c__Thermoplasmata,o__Thermoplasmatales,f__Picrophilaceae,g__Picrophilus,,Thermoacidophile,Picrophilaceae,Picrophilaceae,sequenced,,,RR_culture_135,58,,0.3,,,,,growthlog_growth_rate,culture-pH,Total GDGTs,,,100.00000000000001,21.55,5.76,27.11,8.94,10.34,,24.28,1.67,0.31,0.04,,,,,,0.29240162822252375,0.07815468113975577,0.36784260515603795,0.12130257801899592,0.14029850746268657,0.0,,Culture,Culture - Hot spring,Feyhl-Buska et al. (2016) Frontiers in Microbiology,Data from original source,Data from original source,No,No,Not reported,No,Yes,,,Feyhl-Buska et al. (2016),Jayme,https://doi.org/10.3389/fmicb.2016.01323,"GTDB Release 214.1; NCBI (retrieved from February 21, 2024)",0.8622339153312605,1.7389416553595658,0.43473541383989145,3.032438478747203,0.8017257909875359,0.29240162822252375,3.394325003356547,1.655383347996981
RR00136,Feyhl-Buska2016_Picrophilus torridus_culture-C-GDGT_T58_pH0.5_growthLog,DSM 9790,Picrophilus torridus,24.0,p__Thermoplasmatota,c__Thermoplasmata,o__Thermoplasmatales,f__Thermoplasmataceae,g__Picrophilus,,p__Candidatus Thermoplasmatota,c__Thermoplasmata,o__Thermoplasmatales,f__Picrophilaceae,g__Picrophilus,,Thermoacidophile,Picrophilaceae,Picrophilaceae,sequenced,,,RR_culture_136,58,,0.5,,,,,growthlog_growth_rate,culture-pH,Total GDGTs,,,100.00000000000001,43.49,6.08,21.15,7.15,4.93,,16.57,0.54,0.08,0.01,,,,,,0.5252415458937197,0.07342995169082124,0.2554347826086956,0.08635265700483091,0.05954106280193235,0.0,,Culture,Culture - Hot spring,Feyhl-Buska et al. (2016) Frontiers in Microbiology,Data from original source,Data from original source,No,No,Not reported,No,Yes,,,Feyhl-Buska et al. (2016),Jayme,https://doi.org/10.3389/fmicb.2016.01323,"GTDB Release 214.1; NCBI (retrieved from February 21, 2024)",0.8231529959278651,1.0815217391304346,0.27038043478260865,2.958041958041958,0.8745866191808701,0.5252415458937197,3.2057406307562095,2.124218891625775
RR00137,Feyhl-Buska2016_Picrophilus torridus_culture-C-GDGT_T58_pH0.7_growthLog,DSM 9790,Picrophilus torridus,24.0,p__Thermoplasmatota,c__Thermoplasmata,o__Thermoplasmatales,f__Thermoplasmataceae,g__Picrophilus,,p__Candidatus Thermoplasmatota,c__Thermoplasmata,o__Thermoplasmatales,f__Picrophilaceae,g__Picrophilus,,Thermoacidophile,Picrophilaceae,Picrophilaceae,sequenced,,,RR_culture_137,58,,0.7,,,,,growthlog_growth_rate,culture-pH,Total GDGTs,,,100.0,28.49,8.57,27.83,9.73,6.0,,18.64,0.63,0.1,0.01,,,,,,0.3533862565120317,0.1063011659637807,0.34519970230711977,0.1206896551724138,0.07442322004465393,0.0,,Culture,Culture - Hot spring,Feyhl-Buska et al. (2016) Frontiers in Microbiology,Data from original source,Data from original source,No,No,Not reported,No,Yes,,,Feyhl-Buska et al. (2016),Jayme,https://doi.org/10.3389/fmicb.2016.01323,"GTDB Release 214.1; NCBI (retrieved from February 21, 2024)",0.8142206806850206,1.4564624162738773,0.3641156040684693,2.8602261048304207,0.8849031267983886,0.3533862565120317,3.164061727831726,1.7075993115578485
RR00138,Feyhl-Buska2016_Picrophilus torridus_culture-C-GDGT_T58_pH0.9_growthLog,DSM 9790,Picrophilus torridus,24.0,p__Thermoplasmatota,c__Thermoplasmata,o__Thermoplasmatales,f__Thermoplasmataceae,g__Picrophilus,,p__Candidatus Thermoplasmatota,c__Thermoplasmata,o__Thermoplasmatales,f__Picrophilaceae,g__Picrophilus,,Thermoacidophile,Picrophilaceae,Picrophilaceae,sequenced,,,RR_culture_138,58,,0.9,,,,,growthlog_growth_rate,culture-pH,Total GDGTs,,,99.99999999999999,47.94,6.29,19.76,6.42,4.6,,14.32,0.56,0.1,0.01,,,,,,0.5639336548641337,0.07399129514174804,0.2324432419715328,0.0755205269968239,0.054111281025761675,0.0,,Culture,Culture - Hot spring,Feyhl-Buska et al. (2016) Frontiers in Microbiology,Data from original source,Data from original source,No,No,Not reported,No,Yes,,,Feyhl-Buska et al. (2016),Jayme,https://doi.org/10.3389/fmicb.2016.01323,"GTDB Release 214.1; NCBI (retrieved from February 21, 2024)",0.8062827225130891,0.9818844841783321,0.24547112104458302,3.077881619937695,0.8759104397086593,0.5639336548641337,3.1274671746936766,2.1455826905153446
RR00139,Feyhl-Buska2016_Picrophilus torridus_culture-C-GDGT_T58_pH1.1_growthLog,DSM 9790,Picrophilus torridus,24.0,p__Thermoplasmatota,c__Thermoplasmata,o__Thermoplasmatales,f__Thermoplasmataceae,g__Picrophilus,,p__Candidatus Thermoplasmatota,c__Thermoplasmata,o__Thermoplasmatales,f__Picrophilaceae,g__Picrophilus,,Thermoacidophile,Picrophilaceae,Picrophilaceae,sequenced,,,RR_culture_139,58,,1.1,,,,,growthlog_growth_rate,culture-pH,Total GDGTs,,,100.00000000000003,65.83,10.78,15.15,2.76,1.45,,3.73,0.25,0.04,0.01,,,,,,0.6859435240179221,0.11232676878191099,0.1578618318224445,0.028758987183494837,0.01510888819422736,0.0,,Culture,Culture - Hot spring,Feyhl-Buska et al. (2016) Frontiers in Microbiology,Data from original source,Data from original source,No,No,Not reported,No,Yes,,,Feyhl-Buska et al. (2016),Jayme,https://doi.org/10.3389/fmicb.2016.01323,"GTDB Release 214.1; NCBI (retrieved from February 21, 2024)",0.6242593238062043,0.574762946754194,0.1436907366885485,5.489130434782609,0.9518911745189118,0.6859435240179221,2.4031233358210344,1.8283603890668405
RR00140,Feyhl-Buska2016_Picrophilus torridus_culture-IPL-GDGT_T58_pH0.3_growthLog,DSM 9790,Picrophilus torridus,24.0,p__Thermoplasmatota,c__Thermoplasmata,o__Thermoplasmatales,f__Thermoplasmataceae,g__Picrophilus,,p__Candidatus Thermoplasmatota,c__Thermoplasmata,o__Thermoplasmatales,f__Picrophilaceae,g__Picrophilus,,Thermoacidophile,Picrophilaceae,Picrophilaceae,sequenced,,,RR_culture_140,58,,0.3,,,,,growthlog_growth_rate,culture-pH,IPL-GDGTs,,,99.99,25.76,8.25,32.27,9.09,5.59,,17.88,0.96,0.17,0.02,,,,,,0.3181818181818182,0.10190217391304347,0.3985918972332016,0.11227766798418971,0.06904644268774703,0.0,,Culture,Culture - Hot spring,Feyhl-Buska et al. (2016) Frontiers in Microbiology,Data from original source,Data from original source,No,No,Not reported,No,Yes,,,Feyhl-Buska et al. (2016),Jayme,https://doi.org/10.3389/fmicb.2016.01323,"GTDB Release 214.1; NCBI (retrieved from February 21, 2024)",0.8337028824833703,1.512104743083004,0.378026185770751,3.5500550055005506,0.898731884057971,0.3181818181818182,3.2556496280745915,1.7435448849915876
RR00141,Feyhl-Buska2016_Picrophilus torridus_culture-IPL-GDGT_T58_pH0.5_growthLog,DSM 9790,Picrophilus torridus,24.0,p__Thermoplasmatota,c__Thermoplasmata,o__Thermoplasmatales,f__Thermoplasmataceae,g__Picrophilus,,p__Candidatus Thermoplasmatota,c__Thermoplasmata,o__Thermoplasmatales,f__Picrophilaceae,g__Picrophilus,,Thermoacidophile,Picrophilaceae,Picrophilaceae,sequenced,,,RR_culture_141,58,,0.5,,,,,growthlog_growth_rate,culture-pH,IPL-GDGTs,,,100.0,12.23,7.85,36.33,14.97,5.13,,22.98,0.45,0.05,0.01,,,,,,0.15984838583191743,0.10260096719383088,0.47483989021043005,0.1956606979479807,0.06705005881584107,0.0,,Culture,Culture - Hot spring,Feyhl-Buska et al. (2016) Frontiers in Microbiology,Data from original source,Data from original source,No,No,Not reported,No,Yes,,,Feyhl-Buska et al. (2016),Jayme,https://doi.org/10.3389/fmicb.2016.01323,"GTDB Release 214.1; NCBI (retrieved from February 21, 2024)",0.8672865595942519,1.9074630767219973,0.47686576918049933,2.4268537074148293,0.9201929060360922,0.15984838583191743,3.419446790935835,1.5119837142138375
RR00142,Feyhl-Buska2016_Picrophilus torridus_culture-IPL-GDGT_T58_pH0.7_growthLog,DSM 9790,Picrophilus torridus,24.0,p__Thermoplasmatota,c__Thermoplasmata,o__Thermoplasmatales,f__Thermoplasmataceae,g__Picrophilus,,p__Candidatus Thermoplasmatota,c__Thermoplasmata,o__Thermoplasmatales,f__Picrophilaceae,g__Picrophilus,,Thermoacidophile,Picrophilaceae,Picrophilaceae,sequenced,,,RR_culture_142,58,,0.7,,,,,growthlog_growth_rate,culture-pH,IPL-GDGTs,,,100.01,21.41,11.45,37.83,11.78,3.34,,13.83,0.32,0.04,0.01,,,,,,0.24950471972963523,0.13343433166297633,0.44085770889173753,0.13728003729169094,0.038923202423959906,0.0,,Culture,Culture - Hot spring,Feyhl-Buska et al. (2016) Frontiers in Microbiology,Data from original source,Data from original source,No,No,Not reported,No,Yes,,,Feyhl-Buska et al. (2016),Jayme,https://doi.org/10.3389/fmicb.2016.01323,"GTDB Release 214.1; NCBI (retrieved from February 21, 2024)",0.8124795283327876,1.5826826710173638,0.39567066775434095,3.2113752122241084,0.948136645962733,0.24950471972963523,3.1559990699305187,1.573316398913155
RR00143,Feyhl-Buska2016_Picrophilus torridus_culture-IPL-GDGT_T58_pH0.9_growthLog,DSM 9790,Picrophilus torridus,24.0,p__Thermoplasmatota,c__Thermoplasmata,o__Thermoplasmatales,f__Thermoplasmataceae,g__Picrophilus,,p__Candidatus Thermoplasmatota,c__Thermoplasmata,o__Thermoplasmatales,f__Picrophilaceae,g__Picrophilus,,Thermoacidophile,Picrophilaceae,Picrophilaceae,sequenced,,,RR_culture_143,58,,0.9,,,,,growthlog_growth_rate,culture-pH,IPL-GDGTs,,,100.0,34.39,10.93,36.24,7.22,1.91,,9.12,0.16,0.02,0.01,,,,,,0.3792038813540633,0.12052045429485059,0.399603043334436,0.07961186459367074,0.02106075642297938,0.0,,Culture,Culture - Hot spring,Feyhl-Buska et al. (2016) Frontiers in Microbiology,Data from original source,Data from original source,No,No,Not reported,No,Yes,,,Feyhl-Buska et al. (2016),Jayme,https://doi.org/10.3389/fmicb.2016.01323,"GTDB Release 214.1; NCBI (retrieved from February 21, 2024)",0.7990439419010849,1.2428051604366523,0.3107012901091631,5.0193905817174524,0.9660746003552398,0.3792038813540633,3.0944606187510613,1.851655458314409
RR00144,Feyhl-Buska2016_Picrophilus torridus_culture-IPL-GDGT_T58_pH1.1_growthLog,DSM 9790,Picrophilus torridus,24.0,p__Thermoplasmatota,c__Thermoplasmata,o__Thermoplasmatales,f__Thermoplasmataceae,g__Picrophilus,,p__Candidatus Thermoplasmatota,c__Thermoplasmata,o__Thermoplasmatales,f__Picrophilaceae,g__Picrophilus,,Thermoacidophile,Picrophilaceae,Picrophilaceae,sequenced,,,RR_culture_144,58,,1.1,,,,,growthlog_growth_rate,culture-pH,IPL-GDGTs,,,100.00000000000001,22.72,13.31,35.99,11.09,4.31,,12.02,0.49,0.06,0.01,,,,,,0.25989476092427355,0.1522534889041409,0.4116906886296042,0.12685884237016698,0.04930221917181422,0.0,,Culture,Culture - Hot spring,Feyhl-Buska et al. (2016) Frontiers in Microbiology,Data from original source,Data from original source,No,No,Not reported,No,Yes,,,Feyhl-Buska et al. (2016),Jayme,https://doi.org/10.3389/fmicb.2016.01323,"GTDB Release 214.1; NCBI (retrieved from February 21, 2024)",0.7795992714025503,1.553420269961107,0.38835506749027676,3.24526600541028,0.9333848531684699,0.25989476092427355,3.0075216406050416,1.4541013706439345
RR00145,Feyhl-Buska2016_Picrophilus torridus_culture-C-GDGT_T58_pH0.7_Lag,DSM 9790,Picrophilus torridus,24.0,p__Thermoplasmatota,c__Thermoplasmata,o__Thermoplasmatales,f__Thermoplasmataceae,g__Picrophilus,,p__Candidatus Thermoplasmatota,c__Thermoplasmata,o__Thermoplasmatales,f__Picrophilaceae,g__Picrophilus,,Thermoacidophile,Picrophilaceae,Picrophilaceae,sequenced,,,RR_culture_145,58,,0.7,,,,,lag_growth_rate,culture-growth-rate,Total GDGTs,,,100.02000000000001,8.18,4.69,24.48,12.68,9.55,,39.39,0.93,0.11,0.01,,,,,,0.13729439409197716,0.07871769050016784,0.4108761329305136,0.21282309499832158,0.1602886874790198,0.0,,Culture,Culture - Hot spring,Feyhl-Buska et al. (2016) Frontiers in Microbiology,Data from original source,Data from original source,No,No,Not reported,No,Yes,,,Feyhl-Buska et al. (2016),Jayme,https://doi.org/10.3389/fmicb.2016.01323,"GTDB Release 214.1; NCBI (retrieved from February 21, 2024)",0.8879330943847072,2.180093991272239,0.5450234978180597,1.9305993690851737,0.8142023346303502,0.13729439409197716,3.5238631152677318,1.343769123995493
RR00146,Feyhl-Buska2016_Picrophilus torridus_culture-C-GDGT_T58_pH0.7_earlyLog,DSM 9790,Picrophilus torridus,24.0,p__Thermoplasmatota,c__Thermoplasmata,o__Thermoplasmatales,f__Thermoplasmataceae,g__Picrophilus,,p__Candidatus Thermoplasmatota,c__Thermoplasmata,o__Thermoplasmatales,f__Picrophilaceae,g__Picrophilus,,Thermoacidophile,Picrophilaceae,Picrophilaceae,sequenced,,,RR_culture_146,58,,0.7,,,,,earlylog_growth_rate,culture-growth-rate,Total GDGTs,,,100.00000000000001,42.25,7.34,25.09,8.01,3.25,,13.75,0.27,0.03,0.01,,,,,,0.49162206190365365,0.08540842448219686,0.29194787060740046,0.09320456132185244,0.037817081684896434,0.0,,Culture,Culture - Hot spring,Feyhl-Buska et al. (2016) Frontiers in Microbiology,Data from original source,Data from original source,No,No,Not reported,No,Yes,,,Feyhl-Buska et al. (2016),Jayme,https://doi.org/10.3389/fmicb.2016.01323,"GTDB Release 214.1; NCBI (retrieved from February 21, 2024)",0.8184965380811078,1.1001861764021408,0.2750465441005352,3.132334581772784,0.9256122682536049,0.49162206190365365,3.1839471207420647,2.083760944339924
RR00147,Feyhl-Buska2016_Picrophilus torridus_culture-C-GDGT_T58_pH0.7_growthLog,DSM 9790,Picrophilus torridus,24.0,p__Thermoplasmatota,c__Thermoplasmata,o__Thermoplasmatales,f__Thermoplasmataceae,g__Picrophilus,,p__Candidatus Thermoplasmatota,c__Thermoplasmata,o__Thermoplasmatales,f__Picrophilaceae,g__Picrophilus,,Thermoacidophile,Picrophilaceae,Picrophilaceae,sequenced,,,RR_culture_147,58,,0.7,,,,,growthlog_growth_rate,culture-growth-rate,Total GDGTs,,,100.0,28.49,8.57,27.83,9.73,6.0,,18.64,0.63,0.1,0.01,,,,,,0.3533862565120317,0.1063011659637807,0.34519970230711977,0.1206896551724138,0.07442322004465393,0.0,,Culture,Culture - Hot spring,Feyhl-Buska et al. (2016) Frontiers in Microbiology,Data from original source,Data from original source,No,No,Not reported,No,Yes,,,Feyhl-Buska et al. (2016),Jayme,https://doi.org/10.3389/fmicb.2016.01323,"GTDB Release 214.1; NCBI (retrieved from February 21, 2024)",0.8142206806850206,1.4564624162738773,0.3641156040684693,2.8602261048304207,0.8849031267983886,0.3533862565120317,3.164061727831726,1.7075993115578485
RR00148,Feyhl-Buska2016_Picrophilus torridus_culture-C-GDGT_T58_pH0.7_lateLog,DSM 9790,Picrophilus torridus,24.0,p__Thermoplasmatota,c__Thermoplasmata,o__Thermoplasmatales,f__Thermoplasmataceae,g__Picrophilus,,p__Candidatus Thermoplasmatota,c__Thermoplasmata,o__Thermoplasmatales,f__Picrophilaceae,g__Picrophilus,,Thermoacidophile,Picrophilaceae,Picrophilaceae,sequenced,,,RR_culture_148,58,,0.7,,,,,latelog_growth_rate,culture-growth-rate,Total GDGTs,,,100.01000000000002,32.54,10.63,33.09,8.8,3.01,,11.64,0.26,0.03,0.01,,,,,,0.3694788236629953,0.12069944362438968,0.3757238560236176,0.09992051776995571,0.03417735891904167,0.0,,Culture,Culture - Hot spring,Feyhl-Buska et al. (2016) Frontiers in Microbiology,Data from original source,Data from original source,No,No,Not reported,No,Yes,,,Feyhl-Buska et al. (2016),Jayme,https://doi.org/10.3389/fmicb.2016.01323,"GTDB Release 214.1; NCBI (retrieved from February 21, 2024)",0.7976009139375476,1.3086181446576586,0.32715453616441464,3.7602272727272728,0.9457950657302359,0.3694788236629953,3.0879224597426056,1.779304315084947
RR00149,Feyhl-Buska2016_Picrophilus torridus_culture-C-GDGT_T58_pH0.7_growthDeath,DSM 9790,Picrophilus torridus,24.0,p__Thermoplasmatota,c__Thermoplasmata,o__Thermoplasmatales,f__Thermoplasmataceae,g__Picrophilus,,p__Candidatus Thermoplasmatota,c__Thermoplasmata,o__Thermoplasmatales,f__Picrophilaceae,g__Picrophilus,,Thermoacidophile,Picrophilaceae,Picrophilaceae,sequenced,,,RR_culture_149,58,,0.7,,,,,growthdeath_growth_rate,culture-growth-rate,Total GDGTs,,,100.00999999999999,9.25,8.76,34.66,15.75,7.2,,23.84,0.49,0.05,0.01,,,,,,0.12232213700079346,0.11584236974345412,0.45834435334567575,0.2082782332716213,0.09521290663845546,0.0,,Culture,Culture - Hot spring,Feyhl-Buska et al. (2016) Frontiers in Microbiology,Data from original source,Data from original source,No,No,Not reported,No,Yes,,,Feyhl-Buska et al. (2016),Jayme,https://doi.org/10.3389/fmicb.2016.01323,"GTDB Release 214.1; NCBI (retrieved from February 21, 2024)",0.8519520027040729,2.0382174028034914,0.5095543507008728,2.2006349206349203,0.8915172517703781,0.12232213700079346,3.3437267114239795,1.305509308620488
RR00150,Feyhl-Buska2016_Picrophilus torridus_culture-IPL-GDGT_T58_pH0.7_Lag,DSM 9790,Picrophilus torridus,24.0,p__Thermoplasmatota,c__Thermoplasmata,o__Thermoplasmatales,f__Thermoplasmataceae,g__Picrophilus,,p__Candidatus Thermoplasmatota,c__Thermoplasmata,o__Thermoplasmatales,f__Picrophilaceae,g__Picrophilus,,Thermoacidophile,Picrophilaceae,Picrophilaceae,sequenced,,,RR_culture_150,58,,0.7,,,,,lag_growth_rate,culture-growth-rate,IPL-GDGTs,,,99.99000000000001,7.64,5.9,30.32,12.84,7.75,,34.73,0.74,0.06,0.01,,,,,,0.11854150504266872,0.09154383242823895,0.4704422032583398,0.19922420480993017,0.12024825446082234,0.0,,Culture,Culture - Hot spring,Feyhl-Buska et al. (2016) Frontiers in Microbiology,Data from original source,Data from original source,No,No,Not reported,No,Yes,,,Feyhl-Buska et al. (2016),Jayme,https://doi.org/10.3389/fmicb.2016.01323,"GTDB Release 214.1; NCBI (retrieved from February 21, 2024)",0.8797390949857317,2.1110938712179985,0.5277734678044996,2.3613707165109035,0.8635803555712023,0.11854150504266872,3.4820846026787495,1.370990731460751
RR00151,Feyhl-Buska2016_Picrophilus torridus_culture-IPL-GDGT_T58_pH0.7_earlyLog,DSM 9790,Picrophilus torridus,24.0,p__Thermoplasmatota,c__Thermoplasmata,o__Thermoplasmatales,f__Thermoplasmataceae,g__Picrophilus,,p__Candidatus Thermoplasmatota,c__Thermoplasmata,o__Thermoplasmatales,f__Picrophilaceae,g__Picrophilus,,Thermoacidophile,Picrophilaceae,Picrophilaceae,sequenced,,,RR_culture_151,58,,0.7,,,,,earlylog_growth_rate,culture-growth-rate,IPL-GDGTs,,,100.0,30.93,10.72,36.11,8.96,1.97,,11.16,0.13,0.01,0.01,,,,,,0.34874281204194385,0.12087044762656445,0.4071484947570188,0.101026045777427,0.02221219979704589,0.0,,Culture,Culture - Hot spring,Feyhl-Buska et al. (2016) Frontiers in Microbiology,Data from original source,Data from original source,No,No,Not reported,No,Yes,,,Feyhl-Buska et al. (2016),Jayme,https://doi.org/10.3389/fmicb.2016.01323,"GTDB Release 214.1; NCBI (retrieved from February 21, 2024)",0.8078508693314213,1.3270943736610668,0.3317735934152667,4.030133928571428,0.965893351800554,0.34874281204194385,3.134663280518855,1.8075689068577883
RR00152,Feyhl-Buska2016_Picrophilus torridus_culture-IPL-GDGT_T58_pH0.7_growthLog,DSM 9790,Picrophilus torridus,24.0,p__Thermoplasmatota,c__Thermoplasmata,o__Thermoplasmatales,f__Thermoplasmataceae,g__Picrophilus,,p__Candidatus Thermoplasmatota,c__Thermoplasmata,o__Thermoplasmatales,f__Picrophilaceae,g__Picrophilus,,Thermoacidophile,Picrophilaceae,Picrophilaceae,sequenced,,,RR_culture_152,58,,0.7,,,,,growthlog_growth_rate,culture-growth-rate,IPL-GDGTs,,,100.01,21.41,11.45,37.83,11.78,3.34,,13.83,0.32,0.04,0.01,,,,,,0.24950471972963523,0.13343433166297633,0.44085770889173753,0.13728003729169094,0.038923202423959906,0.0,,Culture,Culture - Hot spring,Feyhl-Buska et al. (2016) Frontiers in Microbiology,Data from original source,Data from original source,No,No,Not reported,No,Yes,,,Feyhl-Buska et al. (2016),Jayme,https://doi.org/10.3389/fmicb.2016.01323,"GTDB Release 214.1; NCBI (retrieved from February 21, 2024)",0.8124795283327876,1.5826826710173638,0.39567066775434095,3.2113752122241084,0.948136645962733,0.24950471972963523,3.1559990699305187,1.573316398913155
RR00153,Feyhl-Buska2016_Picrophilus torridus_culture-IPL-GDGT_T58_pH0.7_lateLog,DSM 9790,Picrophilus torridus,24.0,p__Thermoplasmatota,c__Thermoplasmata,o__Thermoplasmatales,f__Thermoplasmataceae,g__Picrophilus,,p__Candidatus Thermoplasmatota,c__Thermoplasmata,o__Thermoplasmatales,f__Picrophilaceae,g__Picrophilus,,Thermoacidophile,Picrophilaceae,Picrophilaceae,sequenced,,,RR_culture_153,58,,0.7,,,,,latelog_growth_rate,culture-growth-rate,IPL-GDGTs,,,100.00999999999999,19.77,14.14,42.23,10.81,1.98,,10.88,0.17,0.02,0.01,,,,,,0.22230968177218038,0.15900146182390645,0.4748678736084561,0.12155628022039808,0.022264702575059036,0.0,,Culture,Culture - Hot spring,Feyhl-Buska et al. (2016) Frontiers in Microbiology,Data from original source,Data from original source,No,No,Not reported,No,Yes,,,Feyhl-Buska et al. (2016),Jayme,https://doi.org/10.3389/fmicb.2016.01323,"GTDB Release 214.1; NCBI (retrieved from February 21, 2024)",0.7895206906817505,1.562464860002249,0.39061621500056226,3.9065679925994448,0.9713707345286292,0.22230968177218038,3.0515675659434853,1.4891027059412363
RR00154,Feyhl-Buska2016_Picrophilus torridus_culture-IPL-GDGT_T58_pH0.7_growthDeath,DSM 9790,Picrophilus torridus,24.0,p__Thermoplasmatota,c__Thermoplasmata,o__Thermoplasmatales,f__Thermoplasmataceae,g__Picrophilus,,p__Candidatus Thermoplasmatota,c__Thermoplasmata,o__Thermoplasmatales,f__Picrophilaceae,g__Picrophilus,,Thermoacidophile,Picrophilaceae,Picrophilaceae,sequenced,,,RR_culture_154,58,,0.7,,,,,growthdeath_growth_rate,culture-growth-rate,IPL-GDGTs,,,100.02000000000001,7.39,9.73,38.42,16.08,5.58,,22.57,0.22,0.02,0.01,,,,,,0.09572538860103626,0.1260362694300518,0.4976683937823834,0.2082901554404145,0.07227979274611399,0.0,,Culture,Culture - Hot spring,Feyhl-Buska et al. (2016) Frontiers in Microbiology,Data from original source,Data from original source,No,No,Not reported,No,Yes,,,Feyhl-Buska et al. (2016),Jayme,https://doi.org/10.3389/fmicb.2016.01323,"GTDB Release 214.1; NCBI (retrieved from February 21, 2024)",0.8485131558461777,2.035362694300518,0.5088406735751295,2.389303482587065,0.9200687580575849,0.09572538860103626,3.3269604611366557,1.2915977668361376
RR00155,Varma2024_Nitrosopumilus piranesis D3C_culture_C-GDGT_T25_midExpo,D3C,Nitrosopumilus piranensis D3C,8.0,p__Thermoproteota,c__Nitrososphaeria,o__Nitrososphaerales,f__Nitrosopumilaceae,g__Nitrosopumilus,s_Nirosopumilus piranensis,p__Nitrososphaerota,c__Nitrososphaeria,o__Nitrosopumilales,f__Nitrosopumilaceae,g__Nitrosopumilus,s_Nirosopumilus piranensis,Marine mesophile,Group 1.1a,Group 1.1a-Nitrosopumilus,sequenced,coastal surface water,North Adriatic Sea,RR_culture_155,25,,,,,,,mid-exponential phase,culture-temperature,Total GDGTs,Inferred total GDGTs from IPLs,,98.6,44.6,20.1,7.8,2.4,21.3,0.1,2.3,,,,,,,,,0.4631360332294912,0.20872274143302183,0.08099688473520249,0.024922118380062305,0.22118380062305298,0.001038421599169263,,Culture,Culture - AOA,Verma et al. (2024) Biogeosciences,Data from original source,Data from original source; Retrived from Table S3,No,No,Not reported,No,No,Pass,Pass,Varma et al. (2024),Devika,https://doi.org/10.5194/bg-21-4875-2024,"GTDB Release 214.1; NCBI (retrieved from February 21, 2024)",0.3388157894736842,1.334371754932503,0.33359293873312573,3.25,0.5860735009671181,0.4631360332294912,1.7102350242382272,0.3758632693057242
RR00156,Varma2024_Nitrosopumilus piranesis D3C_culture_C-GDGT_T30_midExpo,D3C,Nitrosopumilus piranensis D3C,8.0,p__Thermoproteota,c__Nitrososphaeria,o__Nitrososphaerales,f__Nitrosopumilaceae,g__Nitrosopumilus,s_Nirosopumilus piranensis,p__Nitrososphaerota,c__Nitrososphaeria,o__Nitrosopumilales,f__Nitrosopumilaceae,g__Nitrosopumilus,s_Nirosopumilus piranensis,Marine mesophile,Group 1.1a,Group 1.1a-Nitrosopumilus,sequenced,coastal surface water,North Adriatic Sea,RR_culture_156,30,,,,,,,mid-exponential phase,culture-temperature,Total GDGTs,Inferred total GDGTs from IPLs,,98.8,34.3,19.2,10.4,2.9,26.1,0.1,5.8,,,,,,,,,0.36881720430107523,0.2064516129032258,0.11182795698924732,0.03118279569892473,0.2806451612903226,0.001075268817204301,,Culture,Culture - AOA,Verma et al. (2024) Biogeosciences,Data from original source,Data from original source; Retrived from Table S3,No,No,Not reported,No,No,Pass,Pass,Varma et al. (2024),Devika,https://doi.org/10.5194/bg-21-4875-2024,"GTDB Release 214.1; NCBI (retrieved from February 21, 2024)",0.411042944785276,1.6505376344086022,0.41263440860215056,3.586206896551724,0.5536626916524702,0.36881720430107523,1.8344318566750721,0.1838942222664699
RR00157,Varma2024_Nitrosopumilus piranesis D3C_culture_C-GDGT_T35_midExpo,D3C,Nitrosopumilus piranensis D3C,8.0,p__Thermoproteota,c__Nitrososphaeria,o__Nitrososphaerales,f__Nitrosopumilaceae,g__Nitrosopumilus,s_Nirosopumilus piranensis,p__Nitrososphaerota,c__Nitrososphaeria,o__Nitrosopumilales,f__Nitrosopumilaceae,g__Nitrosopumilus,s_Nirosopumilus piranensis,Marine mesophile,Group 1.1a,Group 1.1a-Nitrosopumilus,sequenced,coastal surface water,North Adriatic Sea,RR_culture_157,35,,,,,,,mid-exponential phase,culture-temperature,Total GDGTs,Inferred total GDGTs from IPLs,,96.39999999999999,22.2,13.0,10.1,3.3,35.4,0.3,12.1,,,,,,,,,0.26334519572953735,0.1542111506524318,0.11981020166073547,0.03914590747330961,0.4199288256227758,0.0035587188612099642,,Culture,Culture - AOA,Verma et al. (2024) Biogeosciences,Data from original source,Data from original source; Retrived from Table S3,No,No,Not reported,No,No,Pass,Pass,Varma et al. (2024),Devika,https://doi.org/10.5194/bg-21-4875-2024,"GTDB Release 214.1; NCBI (retrieved from February 21, 2024)",0.5131086142322097,2.2052194543297747,0.5513048635824437,3.0606060606060606,0.4251207729468599,0.26334519572953735,2.0689974610388697,-0.136221993290905
RR00158,Varma2024_Nitrosopumilus piranesis D3C_culture_C-GDGT_T25_stationaryPhase,D3C,Nitrosopumilus piranensis D3C,8.0,p__Thermoproteota,c__Nitrososphaeria,o__Nitrososphaerales,f__Nitrosopumilaceae,g__Nitrosopumilus,s_Nirosopumilus piranensis,p__Nitrososphaerota,c__Nitrososphaeria,o__Nitrosopumilales,f__Nitrosopumilaceae,g__Nitrosopumilus,s_Nirosopumilus piranensis,Marine mesophile,Group 1.1a,Group 1.1a-Nitrosopumilus,sequenced,coastal surface water,North Adriatic Sea,RR_culture_158,25,,,,,,,Stationary Phase,culture-temperature,Total GDGTs,Inferred total GDGTs from IPLs,,98.1,38.8,23.1,11.2,3.2,18.8,0.2,2.8,,,,,,,,,0.4071353620146904,0.242392444910808,0.11752360965372508,0.033578174186778595,0.19727177334732426,0.002098635886673662,,Culture,Culture - AOA,Verma et al. (2024) Biogeosciences,Data from original source,Data from original source; Retrived from Table S3,No,No,Not reported,No,No,Pass,Pass,Varma et al. (2024),Devika,https://doi.org/10.5194/bg-21-4875-2024,"GTDB Release 214.1; NCBI (retrieved from February 21, 2024)",0.3872679045092838,1.3756558237145855,0.3439139559286464,3.5,0.663716814159292,0.4071353620146904,1.7897254606730506,0.4140696369584651
RR00159,Varma2024_Nitrosopumilus piranesis D3C_culture_C-GDGT_T30_stationaryPhase,D3C,Nitrosopumilus piranensis D3C,8.0,p__Thermoproteota,c__Nitrososphaeria,o__Nitrososphaerales,f__Nitrosopumilaceae,g__Nitrosopumilus,s_Nirosopumilus piranensis,p__Nitrososphaerota,c__Nitrososphaeria,o__Nitrosopumilales,f__Nitrosopumilaceae,g__Nitrosopumilus,s_Nirosopumilus piranensis,Marine mesophile,Group 1.1a,Group 1.1a-Nitrosopumilus,sequenced,coastal surface water,North Adriatic Sea,RR_culture_159,30,,,,,,,Stationary Phase,culture-temperature,Total GDGTs,Inferred total GDGTs from IPLs,,98.80000000000001,31.3,20.1,13.2,3.2,23.2,0.1,7.7,,,,,,,,,0.3435784851811196,0.22063666300768386,0.14489571899012071,0.03512623490669594,0.2546652030735455,0.0010976948408342481,,Culture,Culture - AOA,Verma et al. (2024) Biogeosciences,Data from original source,Data from original source; Retrived from Table S3,No,No,Not reported,No,No,Pass,Pass,Varma et al. (2024),Devika,https://doi.org/10.5194/bg-21-4875-2024,"GTDB Release 214.1; NCBI (retrieved from February 21, 2024)",0.4508196721311475,1.6388583973655322,0.40971459934138305,4.124999999999999,0.6103678929765887,0.3435784851811196,1.9176202633700619,0.2787618660045297
RR00160,Varma2024_Nitrosopumilus piranesis D3C_culture_C-GDGT_T35_stationaryPhase,D3C,Nitrosopumilus piranensis D3C,8.0,p__Thermoproteota,c__Nitrososphaeria,o__Nitrososphaerales,f__Nitrosopumilaceae,g__Nitrosopumilus,s_Nirosopumilus piranensis,p__Nitrososphaerota,c__Nitrososphaeria,o__Nitrosopumilales,f__Nitrosopumilaceae,g__Nitrosopumilus,s_Nirosopumilus piranensis,Marine mesophile,Group 1.1a,Group 1.1a-Nitrosopumilus,sequenced,coastal surface water,North Adriatic Sea,RR_culture_160,35,,,,,,,Stationary Phase,culture-temperature,Total GDGTs,Inferred total GDGTs from IPLs,,87.3,14.3,10.8,12.3,4.3,28.7,0.6,16.3,,,,,,,,,0.20140845070422536,0.15211267605633805,0.17323943661971833,0.060563380281690136,0.4042253521126761,0.008450704225352112,,Culture,Culture - AOA,Verma et al. (2024) Biogeosciences,Data from original source,Data from original source; Retrived from Table S3,No,No,Not reported,No,No,Pass,Pass,Varma et al. (2024),Devika,https://doi.org/10.5194/bg-21-4875-2024,"GTDB Release 214.1; NCBI (retrieved from February 21, 2024)",0.6142857142857143,2.330985915492958,0.5827464788732395,2.8604651162790704,0.48324514991181655,0.20140845070422536,2.369791836734694,0.03880592124173621
RR00161,Varma2024_Nitrosopumilus adriaticus NF5_culture_C-GDGT_T20_midExpo,NF5,Nitrosopumilus adriaticus NF5,5.0,p__Thermoproteota,c__Nitrososphaeria,o__Nitrososphaerales,f__Nitrosopumilaceae,g__Nitrosopumilus,s__Nitrosopumilus adriaticus,p__Nitrososphaerota,c__Nitrososphaeria,o__Nitrosopumilales,f__Nitrosopumilaceae,g__Nitrosopumilus,s__Nitrosopumilus adriaticus,Marine mesophile,Group 1.1a,Group 1.1a-Nitrosopumilus,sequenced,coastal surface water,North Adriatic Sea,RR_culture_161,20,,,,,,,mid-exponential phase,culture-temperature,Total GDGTs,Inferred total GDGTs from IPLs,,70.5,31.8,14.2,13.2,2.9,6.7,0.3,1.4,,,,,,,,,0.46020260492040527,0.20549927641099855,0.191027496382055,0.041968162083936326,0.09696092619392187,0.004341534008683068,,Culture,Culture - AOA,Verma et al. (2024) Biogeosciences,Data from original source,Data from original source; Retrived from Table S3,No,No,Not reported,No,No,Pass,Pass,Varma et al. (2024),Devika,https://doi.org/10.5194/bg-21-4875-2024,"GTDB Release 214.1; NCBI (retrieved from February 21, 2024)",0.5359477124183006,1.1186685962373373,0.2796671490593343,4.551724137931034,0.8123324396782842,0.46020260492040527,2.130956896919988,1.0122883006826506
RR00162,Varma2024_Nitrosopumilus adriaticus NF5_culture_C-GDGT_T25_midExpo,NF5,Nitrosopumilus adriaticus NF5,5.0,p__Thermoproteota,c__Nitrososphaeria,o__Nitrososphaerales,f__Nitrosopumilaceae,g__Nitrosopumilus,s__Nitrosopumilus adriaticus,p__Nitrososphaerota,c__Nitrososphaeria,o__Nitrosopumilales,f__Nitrosopumilaceae,g__Nitrosopumilus,s__Nitrosopumilus adriaticus,Marine mesophile,Group 1.1a,Group 1.1a-Nitrosopumilus,sequenced,coastal surface water,North Adriatic Sea,RR_culture_162,25,,,,,,,mid-exponential phase,culture-temperature,Total GDGTs,Inferred total GDGTs from IPLs,,55.89999999999999,24.9,8.7,9.1,2.9,7.8,0.2,2.3,,,,,,,,,0.4645522388059702,0.1623134328358209,0.1697761194029851,0.0541044776119403,0.1455223880597015,0.0037313432835820903,,Culture,Culture - AOA,Verma et al. (2024) Biogeosciences,Data from original source,Data from original source; Retrived from Table S3,No,No,Not reported,No,No,Pass,Pass,Varma et al. (2024),Devika,https://doi.org/10.5194/bg-21-4875-2024,"GTDB Release 214.1; NCBI (retrieved from February 21, 2024)",0.583732057416268,1.2611940298507462,0.31529850746268656,3.137931034482759,0.7212543554006969,0.4645522388059702,2.2717934571094984,1.0105994272587522
RR00163,Varma2024_Nitrosopumilus adriaticus NF5_culture_C-GDGT_T30_midExpo,NF5,Nitrosopumilus adriaticus NF5,5.0,p__Thermoproteota,c__Nitrososphaeria,o__Nitrososphaerales,f__Nitrosopumilaceae,g__Nitrosopumilus,s__Nitrosopumilus adriaticus,p__Nitrososphaerota,c__Nitrososphaeria,o__Nitrosopumilales,f__Nitrosopumilaceae,g__Nitrosopumilus,s__Nitrosopumilus adriaticus,Marine mesophile,Group 1.1a,Group 1.1a-Nitrosopumilus,sequenced,coastal surface water,North Adriatic Sea,RR_culture_163,30,,,,,,,mid-exponential phase,culture-temperature,Total GDGTs,Inferred total GDGTs from IPLs,,44.99999999999999,11.0,5.9,12.2,4.6,5.5,0.4,5.4,,,,,,,,,0.2777777777777778,0.14898989898989903,0.3080808080808081,0.11616161616161617,0.1388888888888889,0.010101010101010104,,Culture,Culture - AOA,Verma et al. (2024) Biogeosciences,Data from original source,Data from original source; Retrived from Table S3,No,No,Not reported,No,No,Pass,Pass,Varma et al. (2024),Devika,https://doi.org/10.5194/bg-21-4875-2024,"GTDB Release 214.1; NCBI (retrieved from February 21, 2024)",0.7445887445887447,1.7095959595959598,0.42739898989898994,2.6521739130434785,0.7937062937062939,0.2777777777777778,2.857315829913233,1.1477198703172733
RR00164,Varma2024_Nitrosopumilus adriaticus NF5_culture_C-GDGT_T20_stationaryPhase,NF5,Nitrosopumilus adriaticus NF5,5.0,p__Thermoproteota,c__Nitrososphaeria,o__Nitrososphaerales,f__Nitrosopumilaceae,g__Nitrosopumilus,s__Nitrosopumilus adriaticus,p__Nitrososphaerota,c__Nitrososphaeria,o__Nitrosopumilales,f__Nitrosopumilaceae,g__Nitrosopumilus,s__Nitrosopumilus adriaticus,Marine mesophile,Group 1.1a,Group 1.1a-Nitrosopumilus,sequenced,coastal surface water,North Adriatic Sea,RR_culture_164,20,,,,,,,Stationary Phase,culture-temperature,Total GDGTs,Inferred total GDGTs from IPLs,,43.800000000000004,23.4,5.5,4.0,2.2,7.3,0.2,1.2,,,,,,,,,0.5492957746478873,0.12910798122065728,0.09389671361502347,0.051643192488262914,0.17136150234741784,0.004694835680751174,,Culture,Culture - AOA,Verma et al. (2024) Biogeosciences,Data from original source,Data from original source; Retrived from Table S3,No,No,Not reported,No,No,Pass,Pass,Varma et al. (2024),Devika,https://doi.org/10.5194/bg-21-4875-2024,"GTDB Release 214.1; NCBI (retrieved from February 21, 2024)",0.5378151260504201,1.1760563380281692,0.2940140845070423,1.818181818181818,0.609375,0.5492957746478873,2.136176117505826,0.9601197794776566
RR00165,Varma2024_Nitrosopumilus adriaticus NF5_culture_C-GDGT_T25_stationaryPhase,NF5,Nitrosopumilus adriaticus NF5,5.0,p__Thermoproteota,c__Nitrososphaeria,o__Nitrososphaerales,f__Nitrosopumilaceae,g__Nitrosopumilus,s__Nitrosopumilus adriaticus,p__Nitrososphaerota,c__Nitrososphaeria,o__Nitrosopumilales,f__Nitrosopumilaceae,g__Nitrosopumilus,s__Nitrosopumilus adriaticus,Marine mesophile,Group 1.1a,Group 1.1a-Nitrosopumilus,sequenced,coastal surface water,North Adriatic Sea,RR_culture_165,25,,,,,,,Stationary Phase,culture-temperature,Total GDGTs,Inferred total GDGTs from IPLs,,57.5,24.6,8.5,8.6,3.2,10.0,0.3,2.3,,,,,,,,,0.44565217391304346,0.1539855072463768,0.15579710144927536,0.057971014492753624,0.18115942028985507,0.005434782608695652,,Culture,Culture - AOA,Verma et al. (2024) Biogeosciences,Data from original source,Data from original source; Retrived from Table S3,No,No,Not reported,No,No,Pass,Pass,Varma et al. (2024),Devika,https://doi.org/10.5194/bg-21-4875-2024,"GTDB Release 214.1; NCBI (retrieved from February 21, 2024)",0.5873786407766991,1.3858695652173914,0.34646739130434784,2.6875,0.6633986928104574,0.44565217391304346,2.2831638231690077,0.8972942579516163
RR00166,Varma2024_Nitrosopumilus adriaticus NF5_culture_C-GDGT_T30_stationaryPhase,NF5,Nitrosopumilus adriaticus NF5,5.0,p__Thermoproteota,c__Nitrososphaeria,o__Nitrososphaerales,f__Nitrosopumilaceae,g__Nitrosopumilus,s__Nitrosopumilus adriaticus,p__Nitrososphaerota,c__Nitrososphaeria,o__Nitrosopumilales,f__Nitrosopumilaceae,g__Nitrosopumilus,s__Nitrosopumilus adriaticus,Marine mesophile,Group 1.1a,Group 1.1a-Nitrosopumilus,sequenced,coastal surface water,North Adriatic Sea,RR_culture_166,30,,,,,,,Stationary Phase,culture-temperature,Total GDGTs,Inferred total GDGTs from IPLs,,52.7,16.4,6.1,8.8,4.2,11.2,0.5,5.5,,,,,,,,,0.34745762711864403,0.1292372881355932,0.1864406779661017,0.08898305084745763,0.23728813559322032,0.01059322033898305,,Culture,Culture - AOA,Verma et al. (2024) Biogeosciences,Data from original source,Data from original source; Retrived from Table S3,No,No,Not reported,No,No,Pass,Pass,Varma et al. (2024),Devika,https://doi.org/10.5194/bg-21-4875-2024,"GTDB Release 214.1; NCBI (retrieved from February 21, 2024)",0.6887755102040817,1.7605932203389831,0.4401483050847458,2.0952380952380953,0.6201298701298702,0.34745762711864403,2.6346897126197417,0.8740964922807586
RR00167,Elling_etal_unpubl_Nitrososphaera viennensis EN76_Soil_T32,EN76,Nitrososphaera viennensis EN76,16.0,p__Thermoproteota,c__Nitrososphaeria,o__Nitrososphaerales,f__Nitrososphaeraceae,g__Nitrososphaera,s__Nitrososphaera viennensis,p__Nitrososphaerota,c__Nitrososphaeria,o__Nitrosopumilales,f__Nitrosopumilaceae,g__Nitrososphaera,s__Nitrososphaera viennensis,Soil mesophile,Group 1.1b,Group 1.1b-Nitrososphaera,sequenced,,,RR_culture_167,32,,,,,,,,culture-temperature,Total GDGTs,,,1.0,0.06462292233252782,0.05235655565359494,0.04787385756809375,0.07165341392178577,0.6046133253778158,0.07907919402193733,0.07980073112424459,,,,,,,,,0.07022709593268886,0.05689697593170342,0.052025533150643746,0.07786727977878927,0.6570460831994533,0.0859370320067213,,Culture,Culture - AOA,Elling et al. Unpublished,Data provided by Dr. Felix Elling,Data provided by Dr. Felix Elling,No,No,Not reported,No,No,Pass,Pass,Elling et al. (unpublished),Felix,Unpublished dataset,Unpublished dataset,0.7913774092674543,3.3664823423940575,0.8416205855985144,0.6681308670142513,0.20089829252285216,0.07022709593268886,3.059883031808301,-0.3065993105857565
RR00168,Elling_etal_unpubl_Nitrososphaera viennensis EN76_Soil_T37,EN76,Nitrososphaera viennensis EN76,16.0,p__Thermoproteota,c__Nitrososphaeria,o__Nitrososphaerales,f__Nitrososphaeraceae,g__Nitrososphaera,s__Nitrososphaera viennensis,p__Nitrososphaerota,c__Nitrososphaeria,o__Nitrosopumilales,f__Nitrosopumilaceae,g__Nitrososphaera,s__Nitrososphaera viennensis,Soil mesophile,Group 1.1b,Group 1.1b-Nitrososphaera,sequenced,,,RR_culture_168,37,,,,,,,,culture-temperature,Total GDGTs,,,1.0,0.035643376720100726,0.03090690504325312,0.031478492248912714,0.0593152981941857,0.6306890688124999,0.11010977063577505,0.1018570883452728,,,,,,,,,0.0396856405117442,0.034412012433868266,0.03504842251765606,0.06604216035608848,0.7022146037433245,0.12259716043731861,,Culture,Culture - AOA,Elling et al. Unpublished,Data provided by Dr. Felix Elling,Data provided by Dr. Felix Elling,No,No,Not reported,No,No,Pass,Pass,Elling et al. (unpublished),Felix,Unpublished dataset,Unpublished dataset,0.8666716582720205,3.6018823952600183,0.9004705988150046,0.5306976986924825,0.14110233171960596,0.0396856405117442,3.4163804371270974,-0.18550195813292092
RR00169,Elling_etal_unpubl_Nitrososphaera viennensis EN76_Soil_T42,EN76,Nitrososphaera viennensis EN76,16.0,p__Thermoproteota,c__Nitrososphaeria,o__Nitrososphaerales,f__Nitrososphaeraceae,g__Nitrososphaera,s__Nitrososphaera viennensis,p__Nitrososphaerota,c__Nitrososphaeria,o__Nitrosopumilales,f__Nitrosopumilaceae,g__Nitrososphaera,s__Nitrososphaera viennensis,Soil mesophile,Group 1.1b,Group 1.1b-Nitrososphaera,sequenced,,,RR_culture_169,42,,,,,,,,culture-temperature,Total GDGTs,,,0.9999999999999999,0.027958553603402627,0.02478284343527995,0.02348575278617339,0.04609378388949806,0.6468531846168071,0.11721088004655804,0.1136150016222808,,,,,,,,,0.03154222336182694,0.02795945721175115,0.026496108157468275,0.05200199007638881,0.7297654921966095,0.13223472899595537,,Culture,Culture - AOA,Elling et al. Unpublished,Data provided by Dr. Felix Elling,Data provided by Dr. Felix Elling,No,No,Not reported,No,No,Pass,Pass,Elling et al. (unpublished),Felix,Unpublished dataset,Unpublished dataset,0.882864009294795,3.6849585285261135,0.9212396321315284,0.5095210417629512,0.1099248289534692,0.03154222336182694,3.497964924417833,-0.18699360410828048
RR00170,Elling_etal_unpubl_Nitrososphaera viennensis EN76_Soil_T47,EN76,Nitrososphaera viennensis EN76,16.0,p__Thermoproteota,c__Nitrososphaeria,o__Nitrososphaerales,f__Nitrososphaeraceae,g__Nitrososphaera,s__Nitrososphaera viennensis,p__Nitrososphaerota,c__Nitrososphaeria,o__Nitrosopumilales,f__Nitrosopumilaceae,g__Nitrososphaera,s__Nitrososphaera viennensis,Soil mesophile,Group 1.1b,Group 1.1b-Nitrososphaera,sequenced,,,RR_culture_170,47,,,,,,,,culture-temperature,Total GDGTs,,,1.0000000000000004,0.0026394868269813626,0.003137955492745633,0.00386018079697568,0.012662416448494208,0.693758642691294,0.1655527073543493,0.11838861038916015,,,,,,,,,0.0029939345817055307,0.0035593409179193857,0.004378551414449892,0.01436280950735407,0.7869211433367848,0.18778422024178631,,Culture,Culture - AOA,Elling et al. Unpublished,Data provided by Dr. Felix Elling,Data provided by Dr. Felix Elling,No,No,Not reported,No,No,Pass,Pass,Elling et al. (unpublished),Felix,Unpublished dataset,Unpublished dataset,0.9830576088819052,3.9542263265831656,0.9885565816457914,0.304853407142104,0.02236766917798747,0.0029939345817055307,4.041501152264554,0.08727482568138845
RR00171,Elling_etal_unpubl_Nitrosarchaeum koreense MY1T_Soil_T20,MY1T,Nitrosarchaeum koreense MY1T,9.0,p__Thermoproteota,c__Nitrososphaeria,o__Nitrososphaerales,f__Nitrosopumilaceae,g__Nitrosarchaeum,s__Nitrosoarchaeum koreensis,p__Nitrososphaerota,c__Nitrososphaeria,o__Nitrosopumilales,f__Nitrosopumilaceae,g__Nitrosarchaeum,s__Nitrosoarchaeum koreensis,Soil mesophile,Group 1.1a,Group 1.1a-Nitrosopumilus,sequenced,,,RR_culture_171,20,,,,,,,,culture-temperature,Total GDGTs,,,0.9999999999999999,0.18095678026480755,0.19972832095481266,0.1355023688472845,0.026932561022489837,0.45403144386773503,0.0028485250428704175,0.0,,,,,,,,,0.18095678026480758,0.1997283209548127,0.13550236884728453,0.02693256102248984,0.4540314438677351,0.002848525042870418,,Culture,Culture - AOA,Elling et al. Unpublished,Data provided by Dr. Felix Elling,Data provided by Dr. Felix Elling,No,No,Not reported,No,No,Pass,Pass,Elling et al. (unpublished),Felix,Unpublished dataset,Unpublished dataset,0.4528167742529552,2.379050617359273,0.5947626543398182,5.031172814725427,0.4421784371057723,0.18095678026480758,1.9220739468941324,-0.45697667046514057
RR00172,Elling_etal_unpubl_Nitrosarchaeum koreense MY1T_Soil_T23,MY1T,Nitrosarchaeum koreense MY1T,9.0,p__Thermoproteota,c__Nitrososphaeria,o__Nitrososphaerales,f__Nitrosopumilaceae,g__Nitrosarchaeum,s__Nitrosoarchaeum koreensis,p__Nitrososphaerota,c__Nitrososphaeria,o__Nitrosopumilales,f__Nitrosopumilaceae,g__Nitrosarchaeum,s__Nitrosoarchaeum koreensis,Soil mesophile,Group 1.1a,Group 1.1a-Nitrosopumilus,sequenced,,,RR_culture_172,23,,,,,,,,culture-temperature,Total GDGTs,,,0.9999999999999999,0.13798936070853865,0.16447223824168322,0.13330208078534703,0.023814384126737278,0.5348429044119544,0.005579031725739455,0.0,,,,,,,,,0.13798936070853868,0.16447223824168325,0.13330208078534705,0.02381438412673728,0.5348429044119545,0.005579031725739456,,Culture,Culture - AOA,Elling et al. Unpublished,Data provided by Dr. Felix Elling,Data provided by Dr. Felix Elling,No,No,Not reported,No,No,Pass,Pass,Elling et al. (unpublished),Felix,Unpublished dataset,Unpublished dataset,0.4972846625531184,2.6642072967433648,0.6660518241858412,5.597544747574804,0.37306813685977325,0.13798936070853868,2.0281003680611875,-0.6361069286821772
RR00173,Elling_etal_unpubl_Nitrosarchaeum koreense MY1T_Soil_T25,MY1T,Nitrosarchaeum koreense MY1T,9.0,p__Thermoproteota,c__Nitrososphaeria,o__Nitrososphaerales,f__Nitrosopumilaceae,g__Nitrosarchaeum,s__Nitrosoarchaeum koreensis,p__Nitrososphaerota,c__Nitrososphaeria,o__Nitrosopumilales,f__Nitrosopumilaceae,g__Nitrosarchaeum,s__Nitrosoarchaeum koreensis,Soil mesophile,Group 1.1a,Group 1.1a-Nitrosopumilus,sequenced,,,RR_culture_173,25,,,,,,,,culture-temperature,Total GDGTs,,,1.0,0.0904016926032679,0.1272436566820749,0.18030317397784273,0.03274813703301425,0.5632240213125618,0.006079318391238432,0.0,,,,,,,,,0.0904016926032679,0.1272436566820749,0.18030317397784273,0.03274813703301425,0.5632240213125618,0.006079318391238432,,Culture,Culture - AOA,Elling et al. Unpublished,Data provided by Dr. Felix Elling,Data provided by Dr. Felix Elling,No,No,Not reported,No,No,Pass,Pass,Elling et al. (unpublished),Felix,Unpublished dataset,Unpublished dataset,0.6326411578625262,2.8633077745520037,0.7158269436380009,5.5057536187806475,0.3741156562470473,0.0904016926032679,2.4316459593896926,-0.43166181516231106
RR00174,Elling_etal_unpubl_Nitrosarchaeum koreense MY1T_Soil_T29,MY1T,Nitrosarchaeum koreense MY1T,9.0,p__Thermoproteota,c__Nitrososphaeria,o__Nitrososphaerales,f__Nitrosopumilaceae,g__Nitrosarchaeum,s__Nitrosoarchaeum koreensis,p__Nitrososphaerota,c__Nitrososphaeria,o__Nitrosopumilales,f__Nitrosopumilaceae,g__Nitrosarchaeum,s__Nitrosoarchaeum koreensis,Soil mesophile,Group 1.1a,Group 1.1a-Nitrosopumilus,sequenced,,,RR_culture_174,29,,,,,,,,culture-temperature,Total GDGTs,,,1.0,0.05033996790972726,0.07301124147368139,0.16807505370354758,0.03232098390619746,0.6613575585089733,0.014895194497873049,0.0,,,,,,,,,0.05033996790972726,0.07301124147368139,0.16807505370354758,0.03232098390619746,0.6613575585089733,0.014895194497873049,,Culture,Culture - AOA,Elling et al. Unpublished,Data provided by Dr. Felix Elling,Data provided by Dr. Felix Elling,No,No,Not reported,No,No,Pass,Pass,Elling et al. (unpublished),Felix,Unpublished dataset,Unpublished dataset,0.7467547171318576,3.2111353126267543,0.8027838281566886,5.20018370082229,0.2879001641057133,0.05033996790972726,2.8663723249032893,-0.34476298772346503
RR00175,Elling_etal_unpubl_Nitrosarchaeum koreense MY1T_Soil_T32,MY1T,Nitrosarchaeum koreense MY1T,9.0,p__Thermoproteota,c__Nitrososphaeria,o__Nitrososphaerales,f__Nitrosopumilaceae,g__Nitrosarchaeum,s__Nitrosoarchaeum koreensis,p__Nitrososphaerota,c__Nitrososphaeria,o__Nitrosopumilales,f__Nitrosopumilaceae,g__Nitrosarchaeum,s__Nitrosoarchaeum koreensis,Soil mesophile,Group 1.1a,Group 1.1a-Nitrosopumilus,sequenced,,,RR_culture_175,32,,,,,,,,culture-temperature,Total GDGTs,,,1.0,0.09605640481390029,0.10826985028655753,0.1530790002363933,0.03249671481724293,0.5993882169668242,0.01070981287908179,0.0,,,,,,,,,0.09605640481390029,0.10826985028655753,0.1530790002363933,0.03249671481724293,0.5993882169668242,0.01070981287908179,,Culture,Culture - AOA,Elling et al. Unpublished,Data provided by Dr. Felix Elling,Data provided by Dr. Felix Elling,No,No,Not reported,No,No,Pass,Pass,Elling et al. (unpublished),Felix,Unpublished dataset,Unpublished dataset,0.6444986428425349,2.9523101145946966,0.7380775286486742,4.710599243563191,0.3250706868271998,0.09605640481390029,2.4727926670891343,-0.47951744750556236
RR00176,Elling_etal_unpubl_Nitrosopumilus piranensis D3C_Marine_T18,D3C,Nitrosopumilus piranensis D3C,8.0,p__Thermoproteota,c__Nitrososphaeria,o__Nitrososphaerales,f__Nitrosopumilaceae,g__Nitrosopumilus,s_Nirosopumilus piranensis,p__Nitrososphaerota,c__Nitrososphaeria,o__Nitrosopumilales,f__Nitrosopumilaceae,g__Nitrosopumilus,s_Nirosopumilus piranensis,Marine mesophile,Group 1.1a,Group 1.1a-Nitrosopumilus,sequenced,coastal surface water,North Adriatic Sea,RR_culture_176,18,,,,,,,,culture-temperature,Total GDGTs,,,1.0,0.3532115904227857,0.12638670888994064,0.05036523740051584,0.039454922574200156,0.42823819746738767,0.002343343245170018,0.0,,,,,,,,,0.3532115904227857,0.12638670888994064,0.05036523740051584,0.039454922574200156,0.42823819746738767,0.002343343245170018,,Culture,Culture - AOA,Elling et al. Unpublished,Data provided by Dr. Felix Elling,Data provided by Dr. Felix Elling,No,No,Not reported,No,No,Pass,Pass,Elling et al. (unpublished),Felix,Unpublished dataset,Unpublished dataset,0.4217040209211587,2.0678081142638036,0.5169520285659509,1.2765260736679285,0.3342775870179622,0.3532115904227857,1.8556977176774703,-0.21211039658633335
RR00177,Elling_etal_unpubl_Nitrosopumilus piranensis D3C_Marine_T23,D3C,Nitrosopumilus piranensis D3C,8.0,p__Thermoproteota,c__Nitrososphaeria,o__Nitrososphaerales,f__Nitrosopumilaceae,g__Nitrosopumilus,s_Nirosopumilus piranensis,p__Nitrososphaerota,c__Nitrososphaeria,o__Nitrosopumilales,f__Nitrosopumilaceae,g__Nitrosopumilus,s_Nirosopumilus piranensis,Marine mesophile,Group 1.1a,Group 1.1a-Nitrosopumilus,sequenced,coastal surface water,North Adriatic Sea,RR_culture_177,23,,,,,,,,culture-temperature,Total GDGTs,,,1.0,0.2597574717887751,0.13281179232568519,0.062144969154085544,0.040096551342755055,0.5012194038615129,0.003969811527186288,0.0,,,,,,,,,0.2597574717887751,0.13281179232568519,0.062144969154085544,0.040096551342755055,0.5012194038615129,0.003969811527186288,,Culture,Culture - AOA,Elling et al. Unpublished,Data provided by Dr. Felix Elling,Data provided by Dr. Felix Elling,No,No,Not reported,No,No,Pass,Pass,Elling et al. (unpublished),Felix,Unpublished dataset,Unpublished dataset,0.44435588528510017,2.3981482462169184,0.5995370615542296,1.549883146379729,0.3175355425613352,0.2597574717887751,1.90338711558499,-0.4947611306319284
RR00178,Elling_etal_unpubl_Nitrosopumilus piranensis D3C_Marine_T28,D3C,Nitrosopumilus piranensis D3C,8.0,p__Thermoproteota,c__Nitrososphaeria,o__Nitrososphaerales,f__Nitrosopumilaceae,g__Nitrosopumilus,s_Nirosopumilus piranensis,p__Nitrososphaerota,c__Nitrososphaeria,o__Nitrosopumilales,f__Nitrosopumilaceae,g__Nitrosopumilus,s_Nirosopumilus piranensis,Marine mesophile,Group 1.1a,Group 1.1a-Nitrosopumilus,sequenced,coastal surface water,North Adriatic Sea,RR_culture_178,28,,,,,,,,culture-temperature,Total GDGTs,,,0.9999999999999999,0.16030496757093737,0.11827234170372214,0.07877469216347745,0.04046495489781057,0.5962751174533726,0.005907926210679852,0.0,,,,,,,,,0.1603049675709374,0.11827234170372215,0.07877469216347746,0.04046495489781058,0.5962751174533727,0.005907926210679853,,Culture,Culture - AOA,Elling et al. Unpublished,Data provided by Dr. Felix Elling,Data provided by Dr. Felix Elling,No,No,Not reported,No,No,Pass,Pass,Elling et al. (unpublished),Felix,Unpublished dataset,Unpublished dataset,0.5141221632768468,2.805948765380319,0.7014871913450798,1.9467386621933362,0.2828550599828339,0.1603049675709374,2.071673642201411,-0.7342751231789082
RR00179,Elling_etal_unpubl_Nitrosopumilus piranensis D3C_Marine_T32,D3C,Nitrosopumilus piranensis D3C,8.0,p__Thermoproteota,c__Nitrososphaeria,o__Nitrososphaerales,f__Nitrosopumilaceae,g__Nitrosopumilus,s_Nirosopumilus piranensis,p__Nitrososphaerota,c__Nitrososphaeria,o__Nitrosopumilales,f__Nitrosopumilaceae,g__Nitrosopumilus,s_Nirosopumilus piranensis,Marine mesophile,Group 1.1a,Group 1.1a-Nitrosopumilus,sequenced,coastal surface water,North Adriatic Sea,RR_culture_179,32,,,,,,,,culture-temperature,Total GDGTs,,,1.0,0.10490484464211065,0.09101595879816199,0.08494722743534837,0.03954713010916933,0.6718762877422518,0.007708551272957823,0.0,,,,,,,,,0.10490484464211065,0.09101595879816199,0.08494722743534837,0.03954713010916933,0.6718762877422518,0.007708551272957823,,Culture,Culture - AOA,Elling et al. Unpublished,Data provided by Dr. Felix Elling,Data provided by Dr. Felix Elling,No,No,Not reported,No,No,Pass,Pass,Elling et al. (unpublished),Felix,Unpublished dataset,Unpublished dataset,0.5922568742939636,3.097891160057205,0.7744727900143012,2.147999796719829,0.24076805136601526,0.10490484464211065,2.298512647886521,-0.799378512170684
RR00180,Elling_etal_unpubl_Nitropelagicus brevis CN25_Marine_T20,CN25,Nitropelagicus brevis CN25,12.0, p__Thermoproteota, c__Nitrososphaeria, o__Nitrososphaerales, f__Nitrosopumilaceae, g__Nitrosopelagicus, s__Nitrosopelagicus brevis,p__Nitrososphaerota, x__Nitrososphaerota incertae sedis, x__Nitrososphaerota incertae sedis, x__Nitrososphaerota incertae sedis, g__Candidatus Nitrosopelagicus, s__Candidatus Nitrosopelagicus brevis ,,,,,,,RR_culture_180,20,,,,,,,,culture-temperature,Total GDGTs,,,1.0,0.24249057371385518,0.19968608968705506,0.1544867906703427,0.08864310152849762,0.15344636855712385,0.1612470758431255,0.0,,,,,,,,,0.24249057371385518,0.19968608968705506,0.1544867906703427,0.08864310152849762,0.15344636855712385,0.1612470758431255,,Culture,Culture - AOA,Elling et al. Unpublished,Data provided by Dr. Felix Elling,Data provided by Dr. Felix Elling,No,No,Not reported,No,No,Pass,Pass,Elling et al. (unpublished),Felix,Unpublished dataset,Unpublished dataset,0.669428402991939,2.033362753214231,0.5083406883035577,1.7427954122372082,0.584568279310922,0.24249057371385518,2.5623462936475683,0.5289835404333374
RR00181,Elling_etal_unpubl_Nitrosopumilus adriaticus CCS1_Marine_T15,CCS1,Nitrosopumilus adriaticus CCS1,5.1,p__Thermoproteota,c__Nitrososphaeria,o__Nitrososphaerales,f__Nitrosopumilaceae,g__Nitrosopumilus,s__Nitrosopumilus adriaticus,p__Nitrososphaerota,c__Nitrososphaeria,o__Nitrosopumilales,f__Nitrosopumilaceae,g__Nitrosopumilus,s__Nitrosopumilus adriaticus,Marine mesophile,Group 1.1a,Group 1.1a-Nitrosopumilus,sequenced,coastal surface water,North Adriatic Sea,RR_culture_181,15,,,,,,,,culture-temperature,Total GDGTs,,,0.9999999999999998,0.5157237277498715,0.1337097822764374,0.044745287865455084,0.020957003605464975,0.28186878706231383,0.002995411440457098,0.0,,,,,,,,,0.5157237277498716,0.13370978227643743,0.04474528786545509,0.02095700360546498,0.2818687870623139,0.0029954114404570987,,Culture,Culture - AOA,Elling et al. Unpublished,Data provided by Dr. Felix Elling,Data provided by Dr. Felix Elling,No,No,Not reported,No,No,Pass,Pass,Elling et al. (unpublished),Felix,Unpublished dataset,Unpublished dataset,0.33940297636538663,1.4255281628348264,0.3563820407087066,2.1350994974198896,0.4117733722959717,0.5157237277498716,1.7111050510127206,0.2855768881778942
RR00182,Elling_etal_unpubl_Nitrosopumilus adriaticus CCS1_Marine_T20,CCS1,Nitrosopumilus adriaticus CCS1,5.1,p__Thermoproteota,c__Nitrososphaeria,o__Nitrososphaerales,f__Nitrosopumilaceae,g__Nitrosopumilus,s__Nitrosopumilus adriaticus,p__Nitrososphaerota,c__Nitrososphaeria,o__Nitrosopumilales,f__Nitrosopumilaceae,g__Nitrosopumilus,s__Nitrosopumilus adriaticus,Marine mesophile,Group 1.1a,Group 1.1a-Nitrosopumilus,sequenced,coastal surface water,North Adriatic Sea,RR_culture_182,20,,,,,,,,culture-temperature,Total GDGTs,,,1.0,0.43777532373615474,0.17488730549612494,0.062103572200065606,0.030862120705330388,0.28525919344643286,0.009112484415891575,0.0,,,,,,,,,0.43777532373615474,0.17488730549612494,0.062103572200065606,0.030862120705330388,0.28525919344643286,0.009112484415891575,,Culture,Culture - AOA,Elling et al. Unpublished,Data provided by Dr. Felix Elling,Data provided by Dr. Felix Elling,No,No,Not reported,No,No,Pass,Pass,Elling et al. (unpublished),Felix,Unpublished dataset,Unpublished dataset,0.3685592019731277,1.5691675234615452,0.3922918808653863,2.0122911446373584,0.4764162970958263,0.43777532373615474,1.7571845538728,0.18801703041125473
RR00183,Elling_etal_unpubl_Nitrosopumilus adriaticus CCS1_Marine_T25,CCS1,Nitrosopumilus adriaticus CCS1,5.1,p__Thermoproteota,c__Nitrososphaeria,o__Nitrososphaerales,f__Nitrosopumilaceae,g__Nitrosopumilus,s__Nitrosopumilus adriaticus,p__Nitrososphaerota,c__Nitrososphaeria,o__Nitrosopumilales,f__Nitrosopumilaceae,g__Nitrosopumilus,s__Nitrosopumilus adriaticus,Marine mesophile,Group 1.1a,Group 1.1a-Nitrosopumilus,sequenced,coastal surface water,North Adriatic Sea,RR_culture_183,25,,,,,,,,culture-temperature,Total GDGTs,,,1.0,0.3796102075032421,0.17725278968483718,0.06370822623880389,0.04436122453480163,0.32383603574351816,0.011231516294797003,0.0,,,,,,,,,0.3796102075032421,0.17725278968483718,0.06370822623880389,0.04436122453480163,0.32383603574351816,0.011231516294797003,,Culture,Culture - AOA,Elling et al. Unpublished,Data provided by Dr. Felix Elling,Data provided by Dr. Felix Elling,No,No,Not reported,No,No,Pass,Pass,Elling et al. (unpublished),Felix,Unpublished dataset,Unpublished dataset,0.40229120134759255,1.7780231239201105,0.44450578098002763,1.436124158133291,0.4599080189733034,0.3796102075032421,1.817538634425562,0.039515510505451434
RR00184,Elling_etal_unpubl_Nitrosopumilus adriaticus CCS1_Marine_T30,CCS1,Nitrosopumilus adriaticus CCS1,5.1,p__Thermoproteota,c__Nitrososphaeria,o__Nitrososphaerales,f__Nitrosopumilaceae,g__Nitrosopumilus,s__Nitrosopumilus adriaticus,p__Nitrososphaerota,c__Nitrososphaeria,o__Nitrosopumilales,f__Nitrosopumilaceae,g__Nitrosopumilus,s__Nitrosopumilus adriaticus,Marine mesophile,Group 1.1a,Group 1.1a-Nitrosopumilus,sequenced,coastal surface water,North Adriatic Sea,RR_culture_184,30,,,,,,,,culture-temperature,Total GDGTs,,,1.0,0.3446061264657298,0.1801092487403225,0.08703163207683091,0.042827187407947914,0.3238954126562854,0.021530392652883566,0.0,,,,,,,,,0.3446061264657298,0.1801092487403225,0.08703163207683091,0.042827187407947914,0.3238954126562854,0.021530392652883566,,Culture,Culture - AOA,Elling et al. Unpublished,Data provided by Dr. Felix Elling,Data provided by Dr. Felix Elling,No,No,Not reported,No,No,Pass,Pass,Elling et al. (unpublished),Felix,Unpublished dataset,Unpublished dataset,0.4566814932917122,1.864357296354504,0.466089324088626,2.032158480261991,0.47294929162759897,0.3446061264657298,1.9307677647316737,0.06641046837716957
RR00185,Elling_etal_unpubl_Cand. Nitrosomarinus catalina SPOT1_Marine_T15,SPOT1,Cand. Nitrosomarinus catalina SPOT1,3.0,p__Thermoproteota, c__Nitrososphaeria, o__Nitrososphaerales, f__Nitrosopumilaceae, g__Nitrosopumilus, s__Nitrosopumilus catalinensis,p__Nitrososphaerota, c__Nitrososphaeria, o__Nitrosopumilales, f__Nitrosopumilaceae, g__Candidatus Nitrosomarinus, s__Candidatus Nitrosomarinus catalina ,Marine mesophile,Group 1.1a,Group 1.1a-Nitrosopumilus,sequenced,coastal seawater from California,California,RR_culture_185,15,,,,,,,,culture-temperature,Total GDGTs,,,1.0,0.5140264711811905,0.06745297707148219,0.014893513991048254,0.012779929513420543,0.39084710824285845,0.0,0.0,,,,,,,,,0.5140264711811905,0.06745297707148219,0.014893513991048254,0.012779929513420543,0.39084710824285845,0.0,,Culture,Culture - AOA,Elling et al. Unpublished,Data provided by Dr. Felix Elling,Data provided by Dr. Felix Elling,No,No,Not reported,No,No,Pass,Pass,Elling et al. (unpublished),Felix,Unpublished dataset,Unpublished dataset,0.2909122758631891,1.6989682265652741,0.42474205664131853,1.1653831091484645,0.19574403734944573,0.5140264711811905,1.6469689890483732,-0.05199923751690094
RR00186,Elling_etal_unpubl_Cand. Nitrosomarinus catalina SPOT1_Marine_T17,SPOT1,Cand. Nitrosomarinus catalina SPOT1,3.0,p__Thermoproteota, c__Nitrososphaeria, o__Nitrososphaerales, f__Nitrosopumilaceae, g__Nitrosopumilus, s__Nitrosopumilus catalinensis,p__Nitrososphaerota, c__Nitrososphaeria, o__Nitrosopumilales, f__Nitrosopumilaceae, g__Candidatus Nitrosomarinus, s__Candidatus Nitrosomarinus catalina ,Marine mesophile,Group 1.1a,Group 1.1a-Nitrosopumilus,sequenced,coastal seawater from California,California,RR_culture_186,17,,,,,,,,culture-temperature,Total GDGTs,,,1.0,0.4085381787081864,0.04179992120870212,0.015030275705793253,0.008301151760786387,0.518682177492692,0.0022605399211704184,0.005387755202669503,,,,,,,,,0.4107512056534485,0.04202634888857575,0.015111693812754068,0.00834611860472107,0.5214918479094157,0.0022727851310849713,,Culture,Culture - AOA,Elling et al. Unpublished,Data provided by Dr. Felix Elling,Data provided by Dr. Felix Elling,No,No,Not reported,No,No,Pass,Pass,Elling et al. (unpublished),Felix,Unpublished dataset,Unpublished dataset,0.37974848191296035,2.19234662449025,0.5480866561225625,1.8106253371724168,0.1111315999868437,0.4107512056534485,1.7763672485174777,-0.4159793759727721
RR00187,Elling_etal_unpubl_Cand. Nitrosomarinus catalina SPOT1_Marine_T20,SPOT1,Cand. Nitrosomarinus catalina SPOT1,3.0,p__Thermoproteota, c__Nitrososphaeria, o__Nitrososphaerales, f__Nitrosopumilaceae, g__Nitrosopumilus, s__Nitrosopumilus catalinensis,p__Nitrososphaerota, c__Nitrososphaeria, o__Nitrosopumilales, f__Nitrosopumilaceae, g__Candidatus Nitrosomarinus, s__Candidatus Nitrosomarinus catalina ,Marine mesophile,Group 1.1a,Group 1.1a-Nitrosopumilus,sequenced,coastal seawater from California,California,RR_culture_187,20,,,,,,,,culture-temperature,Total GDGTs,,,1.0000000000000002,0.3409443713861477,0.0653029545206974,0.02646804972469133,0.009285473591164954,0.5490929963657432,0.0029497332827655622,0.005956421128789974,,,,,,,,,0.3429873484755148,0.0656942571822177,0.026626649260938058,0.009341113195167065,0.5523832234692041,0.00296740841695808,,Culture,Culture - AOA,Elling et al. Unpublished,Data provided by Dr. Felix Elling,Data provided by Dr. Felix Elling,No,No,Not reported,No,No,Pass,Pass,Elling et al. (unpublished),Felix,Unpublished dataset,Unpublished dataset,0.37212447393377535,2.3683734228342437,0.5920933557085609,2.8504792421008496,0.1547337321472175,0.3429873484755148,1.7632065470846168,-0.6051668757496269
RR00188,Elling_etal_unpubl_Cand. Nitrosomarinus catalina SPOT1_Marine_T23,SPOT1,Cand. Nitrosomarinus catalina SPOT1,3.0,p__Thermoproteota, c__Nitrososphaeria, o__Nitrososphaerales, f__Nitrosopumilaceae, g__Nitrosopumilus, s__Nitrosopumilus catalinensis,p__Nitrososphaerota, c__Nitrososphaeria, o__Nitrosopumilales, f__Nitrosopumilaceae, g__Candidatus Nitrosomarinus, s__Candidatus Nitrosomarinus catalina ,Marine mesophile,Group 1.1a,Group 1.1a-Nitrosopumilus,sequenced,coastal seawater from California,California,RR_culture_188,23,,,,,,,,culture-temperature,Total GDGTs,,,0.9999999999999999,0.3637808482907737,0.04612037517051105,0.01774564593184745,0.008410777205216219,0.5549882465250829,0.0026017217947032433,0.006352385081865357,,,,,,,,,0.3661064977454257,0.04641522253773119,0.017859093772704816,0.00846454726901264,0.5585362840837773,0.0026183545913483586,,Culture,Culture - AOA,Elling et al. Unpublished,Data provided by Dr. Felix Elling,Data provided by Dr. Felix Elling,No,No,Not reported,No,No,Pass,Pass,Elling et al. (unpublished),Felix,Unpublished dataset,Unpublished dataset,0.3840640131840965,2.3521456065906814,0.5880364016476703,2.10986993221529,0.11474934404712735,0.3661064977454257,1.783987861708851,-0.5681577448818305
